nama,photo,alamat,latitude,longitude,kontak,jam operasional,fitur
bengkel mobil mas mono,"https://www.google.com/maps/place/Bengkel+Mobil+Mas+Mono/@-6.2145792,106.8868825,3a,75y,90t/data=!3m8!1e2!3m6!1sAF1QipMltC760MkKNuDvFARbUcxlfX5j8H5xrXCb7W3o!2e10!3e12!6shttps:%2F%2Flh5.googleusercontent.com%2Fp%2FAF1QipMltC760MkKNuDvFARbUcxlfX5j8H5xrXCb7W3o%3Dw224-h298-k-no!7i3096!8i4128!4m9!3m8!1s0x2e69f49fe81d50b5:0xbbe3ba5a3e03d3b8!8m2!3d-6.2145792!4d106.8868825!10e5!14m1!1BCgIgAQ!16s%2Fg%2F11cjj3c01z#","Jl. Bekasi Tim. Raya No.176, RT.1/RW.6, Cipinang Muara, Kecamatan Jatinegara, Kota Jakarta Timur, Daerah Khusus Ibukota Jakarta 13420",-6.2145792,106.8868825,082113666749,"senin - sabtu 08.30 - 17.30, minggu tutup",menerima segala jenis perbaikan masalah mobil
bengkel mobil pawang,"https://www.google.com/maps/place/Bengkel+Mobil+Pawang/@-6.2213158,106.9266265,3a,75y,90t/data=!3m8!1e2!3m6!1sAF1QipM-Nr5FYtl1n4xBnYs-gt7NILGKLEQthWkkicU!2e10!3e12!6shttps:%2F%2Flh5.googleusercontent.com%2Fp%2FAF1QipM-Nr5FYtl1n4xBnYs-gt7NILGKLEQthWkkicU%3Dw153-h86-k-no!7i1440!8i809!4m7!3m6!1s0x2e698ca5a911d347:0x7de081709baae766!8m2!3d-6.2212975!4d106.9265012!10e5!16s%2Fg%2F1pzrv1kgl#","Jl. Delima Raya No.10, RT.2/RW.5, Malaka Sari, Kec. Duren Sawit, Kota Jakarta Timur, Daerah Khusus Ibukota Jakarta 13460",-6.2212975,106.9265012,0218600538,senin - minggu 08.00 - 17.00,menerima segala jenis perbaikan masalah mobil
bengkel mobil anugerah 2,"https://www.google.com/maps/place/Bengkel+Mobil+Anugerah+-+Pondok+Kelapa/@-6.2403557,106.9261306,3a,75y,90t/data=!3m8!1e2!3m6!1sAF1QipNxtpd8rTvtZRTNU5f_pE1DBYd9BEeOr9RLEs-T!2e10!3e12!6shttps:%2F%2Flh5.googleusercontent.com%2Fp%2FAF1QipNxtpd8rTvtZRTNU5f_pE1DBYd9BEeOr9RLEs-T%3Dw86-h114-k-no!7i3024!8i4032!4m7!3m6!1s0x2e698da1656817d7:0xd9c8b01b92c7984f!8m2!3d-6.2403608!4d106.9262093!10e5!16s%2Fg%2F11h04nw_s8#","4, Jl. Klp. Sawit Raya No.21, RT.4/RW.7, Pd. Klp., Kec. Duren Sawit, Kota Jakarta Timur, Daerah Khusus Ibukota Jakarta 13450",-6.2403608,106.9262093,081380568381,"senin - sabtu 08.00 - 17.00, minggu tutup","ganti oli, tune up, overhaul, dan perbaikan transmisi mobil"
bengkel mobil almet spesialis matic,"https://www.google.com/maps/place/Bengkel+Mobil+Almet+Spesialis+Matic/@-6.2271879,106.8836218,3a,75y,90t/data=!3m8!1e2!3m6!1sAF1QipNKSy8nq6XsWIGGHcGMTPaklxJYsxrB4nrsmOg6!2e10!3e12!6shttps:%2F%2Flh5.googleusercontent.com%2Fp%2FAF1QipNKSy8nq6XsWIGGHcGMTPaklxJYsxrB4nrsmOg6%3Dw152-h86-k-no!7i1280!8i720!4m7!3m6!1s0x2e69f368cfe7b42f:0x97d47cd2f63fa861!8m2!3d-6.2271728!4d106.883561!10e5!16s%2Fg%2F11f54l140c#","Jl. Jend. Basuki Rachmat No.2, RW.6, Cipinang Muara, Kecamatan Jatinegara, Kota Jakarta Timur, Daerah Khusus Ibukota Jakarta 13420",-6.2271728,106.883561,081291129664,senin - minggu 07.30 - 17.00,"servis perbaikan AC, perbaikan rem mobil, power steering mobil, perbaikan suspensi mobil, ganti oli, dan tune up"
bengkel mobil 32 motor,"https://www.google.com/maps/place/Bengkel+Mobil+32+Motor/@-6.2043904,106.8902467,3a,75y,90t/data=!3m8!1e2!3m6!1sAF1QipONbvWF5Irb5CFk9xN7yV15vnKOpkukn5nsjUts!2e10!3e12!6shttps:%2F%2Flh5.googleusercontent.com%2Fp%2FAF1QipONbvWF5Irb5CFk9xN7yV15vnKOpkukn5nsjUts%3Dw86-h114-k-no!7i3024!8i4032!4m7!3m6!1s0x2e69f4a231acbe6d:0xa29df0154be015dd!8m2!3d-6.2043938!4d106.890406!10e5!16s%2Fg%2F1pzsbxc91#","Jl. Cipinang Baru Raya No.32, RW.12, Cipinang, Kec. Pulo Gadung, Kota Jakarta Timur, Daerah Khusus Ibukota Jakarta 13240",-6.2043885,106.8878311,0214717950,"senin - sabtu 08.00 - 17.00, minggu tutup","body repair, ketok magic, pengecatan mobil"
bengkel mobil iyan,"https://www.google.com/maps/place/Bengkel+Mobil+Iyan/@-6.2065778,106.889401,3a,75y,90t/data=!3m8!1e2!3m6!1sAF1QipPpRarZaO8QsTXwNMcS6vzFrKKSw4gM1UDSZiRb!2e10!3e12!6shttps:%2F%2Flh5.googleusercontent.com%2Fp%2FAF1QipPpRarZaO8QsTXwNMcS6vzFrKKSw4gM1UDSZiRb%3Dw86-h177-k-no!7i2752!8i5664!4m9!3m8!1s0x2e69f5e1feeab0b3:0x86cb7401248231a0!8m2!3d-6.2065311!4d106.8893984!10e5!14m1!1BCgIgARICEAE!16s%2Fg%2F11f8h3c58_#","RW.1, Cipinang, Kec. Pulo Gadung, Kota Jakarta Timur, Daerah Khusus Ibukota Jakarta 13240",-6.2065258,106.8868235,082299146465,senin - minggu 08.30 - 20.00,"perbaikan kaki-kaki mobil, perbaikan AC, perbaikan dan penggantian baterai mobil, masalah kelistrikan mobil, pebaikan rem, ganti filter udara, power steering, perbaikan transmisi mobil"
bengkel mobil lina,"https://www.google.com/maps/place/Bengkel+Mobil+Lina/@-6.22502,106.9173383,3a,75y,90t/data=!3m8!1e2!3m6!1sAF1QipNmFXcxeAemXyljnUUeOr6FraaKssYVt5ilc4i0!2e10!3e12!6shttps:%2F%2Flh5.googleusercontent.com%2Fp%2FAF1QipNmFXcxeAemXyljnUUeOr6FraaKssYVt5ilc4i0%3Dw86-h114-k-no!7i3000!8i4000!4m7!3m6!1s0x2e698cb217ee305f:0xa5f3ac8cb553c7dc!8m2!3d-6.2250674!4d106.9174605!10e5!16s%2Fg%2F1pzppjb25#","Jl. Lkr. Timur Duren Sawit No.15, RT.7/RW.8, Duren Sawit, Durensawit, Kota Jakarta Timur, Jakarta 13440",-6.2250621,106.9148856,08128206235,senin - sabtu 07.30 - 16.30,"tune up, overhaul, power steering, ganti oli, rem, servis radiator, pemasangan dan reparasi AC, pemasangan kaca film, diagnostik mesin mobil, listrik, pembersihan karburator, penggantian filter kabin dan udara, penyetelan mesin otomatis, reparasi dan perawatan umum, reparasi elektrik, reparasi mesin, reparasi suspensi dan setir"
bengkel mobil kembar auto service,"https://www.google.com/maps/place/Bengkel+Mobil+kembar+auto+service/@-6.3479174,106.8990363,3a,75y,90t/data=!3m8!1e2!3m6!1sAF1QipMK-9-UobIGlV5Sk9jufnirLSRyOPiXMR__XA4k!2e10!3e12!6shttps:%2F%2Flh5.googleusercontent.com%2Fp%2FAF1QipMK-9-UobIGlV5Sk9jufnirLSRyOPiXMR__XA4k%3Dw152-h86-k-no!7i1440!8i810!4m7!3m6!1s0x2e69ed1f0f4437a9:0x4f7c4130818e38eb!8m2!3d-6.3478737!4d106.8989148!10e5!16s%2Fg%2F11jcn0wx3f#","Jl. Dalang, RT.6/RW.5, Munjul, Kec. Cipayung, Kota Jakarta Timur, Daerah Khusus Ibukota Jakarta 13850",-6.3478684,106.8963399,082111854611,"kamis - selasa 17.00 - 21.00, rabu 08.00 - 16.00","pembersihan karburator, penggantian filter udara, masalah kelistrikan mobil, perbaikan mesin, tune up, ganti oli, power steering"
bengkel mobil adam halim,"https://www.google.com/maps/place/Bengkel+Mobil+Adam+Halim/@-6.2174983,106.9231079,3a,75y,90t/data=!3m8!1e2!3m6!1sAF1QipMuO9xiHxHC9ECQT6N1YyMa8OxOOr2YZqqOe0EG!2e10!3e12!6shttps:%2F%2Flh5.googleusercontent.com%2Fp%2FAF1QipMuO9xiHxHC9ECQT6N1YyMa8OxOOr2YZqqOe0EG%3Dw152-h86-k-no!7i4608!8i2592!4m7!3m6!1s0x2e698ca890c7211b:0x56eea45a3e92a44b!8m2!3d-6.2175096!4d106.9232147!10e5!16s%2Fg%2F1pzsyx1yl#","Jl. Radin Inten II U No.240, RT.6/RW.14, Klender, Kec. Duren Sawit, Kota Jakarta Timur, Daerah Khusus Ibukota Jakarta 13470",-6.2175096,106.921026,0218613893,senin - minggu 09.00 - 17.00,menerima segala jenis perbaikan masalah mobil
bengkel mobil kurnia jaya motor denso,"https://www.google.com/maps/place/Bengkel+mobil+Kurnia+Jaya+Motor/@-6.2228759,106.8993647,3a,75y,90t/data=!3m8!1e2!3m6!1sAF1QipMRPJUgFCF5YfzMoXLkhsiUI3DJqb2kNcRCz00L!2e10!3e12!6shttps:%2F%2Flh5.googleusercontent.com%2Fp%2FAF1QipMRPJUgFCF5YfzMoXLkhsiUI3DJqb2kNcRCz00L%3Dw86-h114-k-no!7i3468!8i4624!4m7!3m6!1s0x2e69f35a8c0d89b9:0xf04756bd4f226ea9!8m2!3d-6.2228577!4d106.8992638!10e5!16s%2Fg%2F11bz_0m82g#","Jl. Pahlawan Revolusi, RT.1/RW.2, Pd. Bambu, Kec. Duren Sawit, Kota Jakarta Timur, Daerah Khusus Ibukota Jakarta 13430",-6.2228524,106.8966889,08128034309,senin - minggu 09.00 - 17.00,"ganti oli, perbaikan kaki-kaki, power steeringÂ¸ tune up"
bengkel mobil honda clinic auto tech support,"https://www.google.com/maps/place/Honda+Clinic+auto+tech+support/@-6.227213,106.9411928,3a,90.9y,90t/data=!3m8!1e2!3m6!1sAF1QipMAy565uDPOLVF8hvA_htMHW5l-vA2JD4gxVx56!2e10!3e12!6shttps:%2F%2Flh5.googleusercontent.com%2Fp%2FAF1QipMAy565uDPOLVF8hvA_htMHW5l-vA2JD4gxVx56%3Dw203-h152-k-no!7i640!8i480!4m7!3m6!1s0x2e69f50965f9dceb:0x349153d6753c9543!8m2!3d-6.2272016!4d106.9411953!10e5!16s%2Fg%2F1pzv236lz#","Jalur Inspeksi Kanal Banjir Timur, RT.1/RW.3, Pondok Kopi, Durensawit, Kota Jakarta Timur, Jakarta 13460",-6.2271963,106.9386204,082210142010,"selasa - minggu 08.30 - 17.00, senin tutup",melayani segala jenis perawatan dan perbaikan untuk mobil Honda
bengkel mobil rambo 2,"https://www.google.com/maps/place/BENGKEL+MOBIL+RAMBO+2/@-6.307161,106.8762328,3a,75y,90t/data=!3m8!1e2!3m6!1sAF1QipPbwIezoy7gPt6vPKWCpxSuKBQs5KU5SjjOFwC4!2e10!3e12!6shttps:%2F%2Flh5.googleusercontent.com%2Fp%2FAF1QipPbwIezoy7gPt6vPKWCpxSuKBQs5KU5SjjOFwC4%3Dw203-h270-k-no!7i3048!8i4064!4m7!3m6!1s0x2e69ed1eb401b59f:0xf6c9602f7798e787!8m2!3d-6.3071063!4d106.8762188!10e5!16s%2Fg%2F11kb_81lwc#","Jl. TB Simatupang No.03, RT.8, Rambutan, Kec. Ciracas, Kota Jakarta Timur, Daerah Khusus Ibukota Jakarta 13830",-6.307101,106.8736439,087780725565,senin - minggu 08.00 - 20.00,"servis rutin berkala, ganti oli, turun mesin, perbaikan dan pembersihan karburator"
bengkel mobil putra mandiri,"https://www.google.com/maps/place/Bengkel+Mobil+Putra+Mandiri/@-6.2255217,106.9049571,3a,75y,90t/data=!3m8!1e2!3m6!1sAF1QipPEBv67p2rUNjYTM8w9cJDMIR_y-3foHs3lE5BN!2e10!3e12!6shttps:%2F%2Flh5.googleusercontent.com%2Fp%2FAF1QipPEBv67p2rUNjYTM8w9cJDMIR_y-3foHs3lE5BN%3Dw114-h86-k-no!7i4160!8i3120!4m7!3m6!1s0x2e69f34ed91b1823:0x6b1e9b0276edd16b!8m2!3d-6.2254404!4d106.9050107!10e5!16s%2Fg%2F1q5bk_l81#","Jl. Teratai No.18, RW.9, Pd. Bambu, Kec. Duren Sawit, Kota Jakarta Timur, Daerah Khusus Ibukota Jakarta 13430",-6.2254351,106.9024358,085776665593,senin - minggu 08.00 - 17.00,"tune up, ganti oli, perbaikan rem, overhaul, masalah kelistrikan"
bengkel mobil green oto,"https://www.google.com/maps/place/GreenOTO/@-6.2210789,106.9131662,3a,75y,90t/data=!3m8!1e2!3m6!1sAF1QipOqc2rPJRCzChpowlnNLzLC7RSzbWibmyvqfcPU!2e10!3e12!6shttps:%2F%2Flh5.googleusercontent.com%2Fp%2FAF1QipOqc2rPJRCzChpowlnNLzLC7RSzbWibmyvqfcPU%3Dw86-h86-k-no!7i810!8i810!4m7!3m6!1s0x2e698cacc159a2b3:0x541e6d3c0380377a!8m2!3d-6.2209883!4d106.913414!10e5!16s%2Fg%2F1tdg0m_9#","Komplek Ruko Duren Sawit Center 8 B, Jl. Dermaga Raya No.10, RT.7/RW.10, Klender, Kec. Duren Sawit, Kota Jakarta Timur, Daerah Khusus Ibukota Jakarta 13470",-6.220983,106.9108391,0811512999,"senin - sabtu 08.00 - 17.00, minggu tutup",segala jenis permasalahan ac mobil
bengkel mobil motor anto garage,"https://www.google.com/maps/place/Bengkel+Mobil+Motor+Anto+Garage/@-6.3447713,106.9159749,3a,75y,90t/data=!3m8!1e2!3m6!1sAF1QipNbcZjexIYEEc5pGkORE4y-WMtxRCfJEp0TTjCv!2e10!3e12!6shttps:%2F%2Flh5.googleusercontent.com%2Fp%2FAF1QipNbcZjexIYEEc5pGkORE4y-WMtxRCfJEp0TTjCv%3Dw114-h86-k-no!7i9248!8i6936!4m7!3m6!1s0x2e6993c6a4a41941:0x5cf6c03659947fdf!8m2!3d-6.3447484!4d106.9159207!10e5!16s%2Fg%2F11px9h1py6#","Jl. SD Lama, RT.5/RW.1, Pd. Ranggon, Kec. Cipayung, Kota Jakarta Timur, Daerah Khusus Ibukota Jakarta 13860",-6.3447484,106.9159207,081288663690,senin - minggu 08.00 - 21.00,"body repair, body painting, power steering, servis kaki-kaki mobil, modifikasi mobil"
bengkel mobil budi jaya,"https://www.google.com/maps/place/Ini+Bengkel+Mobil+Budi+Jaya/@-6.2509175,106.9090727,3a,75y,90t/data=!3m8!1e2!3m6!1sAF1QipOouRPG0BdKSb5xfuc_QLISXx8caZ5vw_Mm6ddk!2e10!3e12!6shttps:%2F%2Flh5.googleusercontent.com%2Fp%2FAF1QipOouRPG0BdKSb5xfuc_QLISXx8caZ5vw_Mm6ddk%3Dw114-h86-k-no!7i4000!8i3000!4m7!3m6!1s0x2e69f32b9d738da1:0xa102074180daf95a!8m2!3d-6.2509056!4d106.9091393!10e5!16s%2Fg%2F11g68ytl7l#","Pangkalan Jati, Jl. Raya Jatiwaringin, RT.8/RW.5, Cipinang Melayu, Makasar, East Jakarta City, Jakarta 13620",-6.2509056,106.9091393,081316999887,"senin - sabtu 08.00 - 18.00, minggu 09.00 - 15.30",perawatan dan perbaikan mobil
bengkel mobil samudra motor,"https://www.google.com/maps/place/Bengkel+Mobil+Samudra+Motor/@-6.1967068,106.8683895,3a,75y,90t/data=!3m8!1e2!3m6!1s2kxfmHVvZkoAAAQINS478g!2e0!3e3!6shttps:%2F%2Flh3.googleusercontent.com%2Fgps-proxy%2FAE4_-5HOOcNxmDxxmsjptaJddW6E9X2TcdB1FWOWJddqejxzRUqo8ynoYg9guqyJL3oMgJyCUHg3evl5t9hu6VFj14H-zeWytDy_FRcSC7Zlc3KuFo6qTmFVn-q-OHsb6hlj4Pe7xY7rXvBWN-J9oTybu2lk3rfrarHZj8hUnZs4os4T4o_tTgL_myikF_lTNBNaZGlSKsw%3Dw114-h86-k-no!7i2133!8i1600!4m7!3m6!1s0x2e69f48b21f8f549:0x51eca477c710e458!8m2!3d-6.1967258!4d106.8683253!10e5!16s%2Fg%2F1pv0dpbvf#","Jl. Balai Rakyat No.39, RT.11/RW.7, Utan Kayu Utara, Kec. Matraman, Kota Jakarta Timur, Daerah Khusus Ibukota Jakarta 13120",-6.1967258,106.8661366,02195715669,senin - minggu 09.00 - 17.00,"cat duco, las ketok"
bengkel mobil mustakim,"https://www.google.com/maps/place/Mekanik+panggilan+Bengkel+mobil+mustakim/@-6.322113,106.8790319,3a,75y,90t/data=!3m8!1e2!3m6!1sAF1QipP1-lDl09wSpeB6g14bssXl1SzlVcfXjTdigUSW!2e10!3e12!6shttps:%2F%2Flh5.googleusercontent.com%2Fp%2FAF1QipP1-lDl09wSpeB6g14bssXl1SzlVcfXjTdigUSW%3Dw86-h114-k-no!7i780!8i1040!4m7!3m6!1s0x2e69ed9ec28ef1ff:0x973ccd3807763064!8m2!3d-6.3222137!4d106.8790167!10e5!16s%2Fg%2F11fct4n37v#","Jl mebel no 37 rt13 rw 03, RT.13/RW.3, Ciracas, Kec. Ciracas, Kota Jakarta Timur, Daerah Khusus Ibukota Jakarta 13740",-6.3222137,106.8790167,08159537172,buka 24 jam,"ban, diagnostik mobil, ganti oli, rem, ac, baterai, bodi dan trim, listrik, penggantian filter kabin dan udara, penyejajaran roda"
bengkel mobil mantab,"https://www.google.com/maps/place/Bengkel+Mobil+Mantab/@-6.3403827,106.8782212,3a,75y,90t/data=!3m8!1e2!3m6!1sAF1QipMK0UXgjok1FuFADmoanzZ-K4dU5ayqmG9z1bSG!2e10!3e12!6shttps:%2F%2Flh5.googleusercontent.com%2Fp%2FAF1QipMK0UXgjok1FuFADmoanzZ-K4dU5ayqmG9z1bSG%3Dw86-h114-k-no!7i3024!8i4032!4m7!3m6!1s0x2e69ece2c2d4af89:0x9b349de5f56ab2f1!8m2!3d-6.340364!4d106.8781039!10e5!16s%2Fg%2F1pzq19mb1#","Jl. Raya Pkp No.12, RW.12, Cibubur, Kec. Ciracas, Kota Jakarta Timur, Daerah Khusus Ibukota Jakarta 13730",-6.340364,106.8781039,081388053930,senin - minggu 08.00 - 17.00,"body dan trim, body car repair"
bengkel mobil 24 jam,https://lh5.googleusercontent.com/p/AF1QipO0vt86Gz2Iypyg3YsTuqLmM1crXIjCkY0GA1u8=w408-h306-k-no,"Gg. Service No.1, RT.1/RW.11, Lubang Buaya, Kec. Cipayung, Kota Jakarta Timur, Daerah Khusus Ibukota Jakarta 13810",-6.297963,106.9032864,081319550614,buka 24 jam,"diagnostik mesin mobil, penggantian oli, rem, reparasi suspensi dan setir"
bengkel mobil bos cipayung,https://lh5.googleusercontent.com/p/AF1QipMkYXs_OLog_workreXae5FU1rA-VBVjZv_oeFK=w408-h272-k-no,"Jl. Bina Marga No.38, RW.3, Ceger, Kec. Cipayung, Kota Jakarta Timur, Daerah Khusus Ibukota Jakarta 13820",-6.3169251,106.8918721,02184594896,"senin - sabtu 08.00 - 17.00, minggu 08.00 - 15.00","ban, ganti oli, reparasi suspensi dan setir, servis dan perbaikan rem"
bengkel mobil jaja mandiri motor,https://lh5.googleusercontent.com/p/AF1QipPEYQWXtvBtYyyY2CwIMnzPORbfbu74c49brME=w408-h306-k-no,"Jl. Radin Inten II No.9, RT.4/RW.7, Duren Sawit, Kec. Duren Sawit, Kota Jakarta Timur, Daerah Khusus Ibukota Jakarta 13440",-6.2425061,106.920216,087808943200,"senin - sabtu 07.00 - 15.00, minggu tutup",ganti oli
bengkel mobil retrofit,https://lh5.googleusercontent.com/p/AF1QipMwmr0rt-6fQD97u4vwVU47lQnEMBzHXlxDJNZq=w408-h408-k-no,"Jalan Blok Duku Raya No. 95 RT. 12 / RW. 10, Cibubur, Ciracas, RT.12/RW.10, Cibubur, Kec. Ciracas, Kota Jakarta Timur, Daerah Khusus Ibukota Jakarta 13720",-6.3601061,106.8736505,081514059486,"senin - sabtu 09.00 - 17.00, minggu tutup","tune up dan ganti oli, carbon clean atau gurah mesin, injector clean dan kalibrasi, service kaki kaki, tervice AC, turun mesin, modifikasi mesin / engine swap, tersedia layanan pick up atau home service sesuai ketentuan berlaku dijabodetabek"
bengkel mobil dan ban ha717carstop,"https://www.google.com/maps/place/BENGKEL+MOBIL+%26+BAN+HA717CARSTOP/@-6.3431281,106.8910309,3a,75y,90t/data=!3m8!1e5!3m6!1sAF1QipOAKqfqEESgK0Y0LuCF1ZhfwkzSQGfpo34azh_K!2e10!3e10!6shttps:%2F%2Flh5.googleusercontent.com%2Fp%2FAF1QipOAKqfqEESgK0Y0LuCF1ZhfwkzSQGfpo34azh_K%3Dw86-h152-k-no!7i720!8i1280!4m7!3m6!1s0x2e69ed21068e9aab:0x6a453c3b4077bba1!8m2!3d-6.343128!4d106.8910306!10e5!16s%2Fg%2F11j0rftr1r#","Jl. Malaka No.18, RT.7/RW.7, Munjul, Kec. Cipayung, Kota Jakarta Timur, Daerah Khusus Ibukota Jakarta 13850",-6.343128,106.8910306,08119059909,senin - minggu 07.30 - 17.00,"ban, diagnostik mobil, penggantian filter kabin dan udara, reparasi suspensi dan setir, ganti oli, penyejajaran roda, rem, reparasi dan perawatan umum, reparasi elektrik, reparasi mesin, transmisi, penyetelan mesin otomatis"
bengkel mobil cipinang css,https://lh5.googleusercontent.com/p/AF1QipMHT0ghB4K1CePvliAO4t6HhzOUEbC--oonobAl=w408-h245-k-no,"Pujasera Nusantara, Jl. Cendrawasih 2 No.18, RW.3, Pd. Bambu, Kec. Duren Sawit, Kota Jakarta Timur, Daerah Khusus Ibukota Jakarta 13810",-6.2377745,106.8941665,082117163694,buka 24 jam,"ac, baterai, diagnostik mesin mobil, listrik, pengecatan, penggantian filter kabin dan udara, ganti oli, rem, reparasi dan perawatan umum, reparasi suspensi dan setir, transmisi, body repair dan paint"
bengkel mobil tasik motor,https://lh5.googleusercontent.com/p/AF1QipP3pl9I_1g_EffbRTh6g1EHTjmeLAkcz3h4hNjY=w428-h240-k-no,"Gg. Service No.1, RT.1/RW.11, Lubang Buaya, Kec. Cipayung, Kota Jakarta Timur, Daerah Khusus Ibukota Jakarta 13810",-6.2979714,106.90,081319550614,buka 24 jam,"ac, baterai, diagnostik mesin mobil, listrik, pembersihan karburator, penggantian filter kabin dan udara, ganti oli, rem, reparasi dan perawatan umum, reparasi elektrik, reparasi mesin, reparasi suspensi dan setir, transmisi"
am 55 bengkel mobil,https://lh5.googleusercontent.com/p/AF1QipPIAa0xOKF73aCyvjNC9uNHX7PfqSorlBkrpgA9=w533-h240-k-no,"Jl. Malaka No.5, RT.5/RW.7, Klp. Dua Wetan, Kec. Ciracas, Kota Jakarta Timur, Daerah Khusus Ibukota Jakarta 13730",-6.3464763,106.8891777,083895561526,senin - minggu 08.00 - 18.00,body repair
bengkel mobil bang sirun,https://streetviewpixels-pa.googleapis.com/v1/thumbnail?panoid=dMpeKHHIHGYqnLxg7LdiTw&cb_client=search.gws-prod.gps&w=408&h=240&yaw=301.31122&pitch=0&thumbfov=100,"Jl. Bina Marga No.7, RT.1/RW.6, Cipayung, Kec. Cipayung, Kota Jakarta Timur, Daerah Khusus Ibukota Jakarta 13840",-6.3249561,106.8884338,081287693120,senin - jumat 06.30 - 16.30,"bengkel mesin, cat bodi, las, kaki-kaki"
bengkel mobil dua saudara,"https://www.google.com/maps/place/Bengkel+mobil+dua+saudara/@-6.3308282,106.8670409,3a,75y,90t/data=!3m8!1e2!3m6!1sAF1QipODP0hsFqjj2fboXtHns-R_jE4ObYJxvlp_S8pD!2e10!3e12!6shttps:%2F%2Flh5.googleusercontent.com%2Fp%2FAF1QipODP0hsFqjj2fboXtHns-R_jE4ObYJxvlp_S8pD%3Dw86-h182-k-no!7i2176!8i4608!4m7!3m6!1s0x2e69ed7ed7f43c91:0x7c6ead05264b7534!8m2!3d-6.3307344!4d106.8672293!10e5!16s%2Fg%2F11f9frvjjd#","Jl. Raya Jakarta-Bogor No.8, RT.2/RW.8, Ciracas, Kec Kp Rambutan, Kota Jakarta Timur, Daerah Khusus Ibukota Jakarta 13740",-6.3307344,106.8672293,082112058712,senin - minggu 06.30 - 18.00,"ac, ban, baterai, diagnostik mesin mobil, listrik, penggantian filter kabin dan udara, ganti oli, rem, reparasi suspensi dan setir, transmisi"
bengkel mobil ad auto garage,https://lh5.googleusercontent.com/p/AF1QipOXOFexu53yy3h_ScdWAbnBJLADHZwoRjTkhAp3=w408-h544-k-no,"Jl. I Gusti Ngurah Rai No.6, Cipinang Muara, Kecamatan Jatinegara, Kota Jakarta Timur, Daerah Khusus Ibukota Jakarta 13420",-6.2136404,106.892631,08111681848,"senin - sabtu 08.30 - 17.00, minggu tutup","penggantian filter kabin dan udara, ac, baterai, rem, listrik, ganti oli, reparasi suspensi dan setir, transmisi, diagnostik mesin mobil, pemasangan dan reparasi ac, reparasi kaca mobil, pembersihan karburator, reparasi elektrik, reparasi mesin, sistem pembuangan, reparasi dan perawatan umum, reparasi kaca spion samping, penggantian suspensi dan setir, reparasi transmisi, penggantian transmisi, rotasi ban, pengisian ulang ac, penggantian ac mobil, pemeliharaan baterai mobil, reparasi rem mobil, penggantian rem mobil, penyetelan mesin otomatis, penggantian kaca mobil, pemeriksaan kendaraan, reparasi jendela otomatis mobil, penggantian jendela belakang mobil, pemeriksaan keamanan kendaraan, penggantian jendela samping mobil, reparasi kaca depan mobil, penggantian kaca depan mobil, pemasangan wiper blade, purging, carbon cleaner"
maryono bengkel,https://lh5.googleusercontent.com/p/AF1QipN5HJwmGZzmiMFXa4F3A-qf4TNgiOIWbzcS2ZWT=w408-h306-k-no,"Jl. Raya Pkp No.7, RT.8/RW.12, Klp. Dua Wetan, Kec. Ciracas, Kota Jakarta Timur, Daerah Khusus Ibukota Jakarta 13730",-6.3394372,106.8815673,081294270090,senin - minggu 07.30 - 18.00,ganti oli
istana per,https://lh5.googleusercontent.com/p/AF1QipNq9uua7qg8Xc5L6W8btMRg_SxjEXayyNNrRiSb=w426-h240-k-no,"Jl. Kolonel Sugiono No.10, RT.4/RW.4, Duren Sawit, Kec. Duren Sawit, Kota Jakarta Timur, Daerah Khusus Ibukota Jakarta 13440",-6.228634,106.9152401,081380133535,"senin-sabtu 09.00 - 17.00, minggu 08.30 - 15.00",kaki-kaki mobil
auto cibubur,https://lh5.googleusercontent.com/p/AF1QipMbh3kjGfgbLbUqncOJ6v3D4-ZtlgyVv9hvV9M=w426-h240-k-no,"1, Jl. Lap. Tembak No.55, RT.3/RW.6, Cibubur, Kec. Ciracas, Kota Jakarta Timur, Daerah Khusus Ibukota Jakarta 13720",-6.3523531,106.8893796,087877454579,senin - minggu 08.00 - 17.00,"service, rem, tune up, oli, cuci mobil"
bengkel barokah jaya fendryss,https://lh5.googleusercontent.com/p/AF1QipN_nnXh4BuUrVndiJFLC6PQhmIa5d_ev3rmIx0=w408-h306-k-no,"Jl. Pd. Kelapa Raya No.7, RT.4/RW.9, Pd. Kopi, Kec. Duren Sawit, Kota Jakarta Timur, Daerah Khusus Ibukota Jakarta 13460",-6.2304851,106.9350825,0818601108,senin - minggu 09.00 - 17.00,"ac, ban, baterai, bodi dan trim, diagnostik mesin mobil, jasa pembersihan vakum di bagian dalam mobil, listrik, pemasangan dan reparasi ac, pemeliharaan baterai mobil, pemeliharaan mobil, pemeriksaan kendaraan, pemeriksaan kemanan kendaraan, penggantian ac mobil, penggantian baterai mobil, penggantian filter kabin dan udara, penggantian jendela belakang mobil, penggantian jendela samping mobil, ganti oli, penggantian rem mobil, penggantian sistem knalpot mobil, penggantian suspensi dan setir, penggantian transmisi, pengisian ulang ac mobil, penyejajaran roda, penyetelan otomatis mesin mobil, perawatan eksterior dan interior mobil, rem, reparasi dan perawatan umum, reparasi elektrik, reparasi kebocoran air pada mobil, reparasi rem mobil, reparasi sistem knalpot mobil, reparasi suspensi dan setir, reparasi transmisi, rotasi ban, sistem pembuangan, transmisi, waxing mobil"
bengkel mobil sugih jaya ac,https://lh5.googleusercontent.com/p/AF1QipOmC9r1pqnCUTb8F4M_Ylp44HV4Bpybg__Qud8Y=w427-h240-k-no,"5, Jl. Utan Kayu Raya No.44, RT.5/RW.5, Utan Kayu Utara, Kec. Matraman, Kota Jakarta Timur, Daerah Khusus Ibukota Jakarta 13120",-6.193918,106.8636285,081284837766,"senin - jumat 08.00 - 20.00, sabtu - minggu 09.00 - 20.00","ac, penggantian filter kabin dan udara, ganti oli, "
PT. Suryasakura Indah Motor,https://lh5.googleusercontent.com/p/AF1QipM6pwlYZiy6VWP7g-yV-84PJpeNRYraUU_jpLEw=w296-h168-n-k-no,"Jl. Raya Kalimalang No.1, RT.2/RW.12, Pd. Bambu, Kec. Duren Sawit, Kota Jakarta Timur, Daerah Khusus Ibukota Jakarta 13570",-6.243439,106.8990158,0218631335,"senin - jumat 08.30 - 16.30, sabtu 08.30 - 14.30, minggu tutup","bodi dan trim, pengecatan"
metro 77,https://lh5.googleusercontent.com/p/AF1QipMscWuaAlPDeMFx4cc6-1HLFBZEhdQBYMN2uV2C=w426-h240-k-no,"Jl. Jend. Basuki Rachmat No.7A, RW.3, Pd. Bambu, Kec. Duren Sawit, Kota Jakarta Timur, Daerah Khusus Ibukota Jakarta 13430",-6.2291408,106.8914229,08118889627,"senin - jumat 08.00 - 17.00, minggu tutup","ac, ban, pengelasan, ganti oli, agency asuransi, body repair, body repair workshop, nano ceramic coating, poles body mobil, sparepart mobil, "
fn motor,https://lh5.googleusercontent.com/p/AF1QipNJR-3UwFCtIIoI-SuOGC4xhBCcO1PoccPzdrTG=w296-h168-n-k-no,"Jl. I Gusti Ngurah Rai No.5E, RT.6/RW.5, Cipinang Muara, Kecamatan Jatinegara, Kota Jakarta Timur, Daerah Khusus Ibukota Jakarta 13420",-6.2135115,106.8925038,08128244018,buka 24 jam,"reparasi mesin, ganti oli, busi, filter udara, filter bensin, check scaner, over houl engine, spesialist automatic transmision"
aneka jaya service,https://lh5.googleusercontent.com/p/AF1QipMvSW-qw0werJn5YZuXiSVtbTiAP3tJB_nKyP4J=w426-h240-k-no,"Jalan Duren Sawit Raya(Dermaga) Blok L2 No.9, RT.1/RW.8, Duren Sawit, Kec. Duren Sawit, Kota Jakarta Timur, Daerah Khusus Ibukota Jakarta 13470",-6.2211869,106.9157679,08161311128,"senin - sabtu 09.00 - 17.00, minggu tutup","diagnostik mesin mobil, listrik, penggantian filter kabin dan udara, ganti oli, rem, reparasi transmisi, servis dan perbaikan rem, sistem pembuangan"
bengkel mobil haya automotor (mekanik mobil panggilan),https://lh5.googleusercontent.com/p/AF1QipOxDP0tWAq-HT7U-NAtlqBMUtHWMl2syBmaUV1q=w408-h544-k-no,"Jl. Kp. Sumur Utara No.12, RW.17, Klender, Kec. Duren Sawit, Kota Jakarta Timur, Daerah Khusus Ibukota Jakarta 13470",-6.2185086,106.9123778,08998868303,buka 24 jam,"ac, baterai, diagnostik mesin mobil, listrik, penggantian filter kabin dan udara, ganti oli, rem, reparasi suspensi dan setir, transmisi, pemasangan dan reparasi ac, pemeliharaan baterai mobil, penggantian ac mobil, penggantian baterai mobil, penggantian rem mobil, penggantian trim dan bodi mobil, pengisian ulang ac mobil, perawatan eksterior dan interior mobil, reparasi rem mobil, reparasi trim dan bodi mobil, uji emisi mobil"
bengkel pospera,https://lh5.googleusercontent.com/p/AF1QipMVZ-8JoJR_Xnl-i705j7gRB8Cw8oxt3-_vHG3N=w408-h269-k-no,"Jl. Jend. Basuki Rachmat No.2, RT.4/RW.6, Cipinang Muara, Kecamatan Jatinegara, Kota Jakarta Timur, Daerah Khusus Ibukota Jakarta 13420",-6.2341584,106.8854045,082110355807,buka 24 jam,"over hoal, kaki-kaki, over hoal matic"
bengkel mobil mtm motor,https://lh5.googleusercontent.com/p/AF1QipMcXGDVe2xdUp7QvwU0hBIDMe-2AE0Pjwcp87Zi=w296-h168-n-k-no,"Mayor Jenderal Di Panjaitan No.2, RT.6/RW.9, Rw. Bunga, Kecamatan Jatinegara, Kota Jakarta Timur, Daerah Khusus Ibukota Jakarta 13350",-6.2259815,106.8746409,02185904176,"senin - jumat 08.30 - 17.00, sabtu 08.30 - 16.00, minggu tutup","bodi mobil, bodi dan trim, pengecatan, pengelasan"
bengkel mobil siliwangi auto,https://lh5.googleusercontent.com/p/AF1QipOQvxE55klASGPm3BlW-elmonaRTJON9f1PcJLd=w408-h306-k-no,"Jl. Bungur Jl. Bungur II No.6, RT.15/RW.6, Rambutan, Kec. Ciracas, Kota Jakarta Timur, Daerah Khusus Ibukota Jakarta 13830",-6.3135445,106.8845799,083104953102,"senin - sabtu 08.00 - 18.00, minggu tutup","bodi dan trim, cat mobil, salon interior dan eksterior"
bengkel mobil bersama,https://lh5.googleusercontent.com/p/AF1QipPYNIVVBh82cKhl8s1PSUkyszUtir59MzK__FBp=w296-h168-n-k-no,"Jl. Tj. Sanyang No.9, RT.9/RW.8, Cawang, Kec. Kramat jati, Kota Jakarta Timur, Daerah Khusus Ibukota Jakarta 13630",-6.252993,106.8598488,085716023515,senin - minggu 09.00 - 17.00,"ac, baterai, listrik, transmisi, pembersihan karburator, pemeliharaan mobil, pemeriksaan kendaraan, reparasi dan perawatan umum"
pt. asido nayochi,https://lh5.googleusercontent.com/p/AF1QipM-Ims4Iq0UvdwldWZnXU1NAUetPQiD2YhJwVUE=w426-h240-k-no,"Jl. Kayu Jati Raya No.61, RT.7/RW.7, Rawamangun, Kec. Pulo Gadung, Kota Jakarta Timur, Daerah Khusus Ibukota Jakarta 13220",-6.1900923,106.8839774,0214893609,"senin - sabtu 08.00 - 17.00, minggu tutup","diagnostik mesin mobil, service, ganti oli, carbon cleaner, bohlam flosser"
bengkel cat mobil 123,https://lh5.googleusercontent.com/p/AF1QipPGbzuj7s82pqgUPR7sqPvK_3s-AVGD9Kv2stmK=w426-h240-k-no,"Jl. Bekasi Timur Raya, Cipinang, Kec. Pulo Gadung, Jakarta, Daerah Khusus Ibukota Jakarta 13269",-6.2105122,106.895118,087875886046,senin - minggu 09.00 - 17.00,"ban, diagnostik mesin mobil, ganti oli, rem"
bung mekanik official,https://lh5.googleusercontent.com/p/AF1QipPgvbk-KfWBgPBzadQ2XQbjtnE_PY-iegDv64tG=w296-h168-n-k-no,"Jl. Cipinang Muara 3 No.5, RT.5/RW.4, Klender, Kec. Duren Sawit, Kota Jakarta Timur, Daerah Khusus Ibukota Jakarta 13470",-6.2201121,106.8976236,08118100182,"senin - sabtu 08.00 - 20.00, minggu 08.00 - 17.00","ac, ban, bodi dan trim, diagnostik mesin mobil, listrik, pembersihan karburator, pemeliharaan mobil, pemeriksaan kendaraan, pengecatan, ganti oli, penggantian transmisi, pengisian ulang ac mobil, penyetelan mesin otomatis, rem, reparasi mesin, reparasi rem mobil, transmisi, uji emisi mobil, waxing mobil, service panggilan/sos, "
R-Speed PRO Garage,https://lh5.googleusercontent.com/p/AF1QipMO5PRG3-dfRB4LrDVeTLJfO3AfZx57UqAOWRTu=w408-h544-k-no,"Jl. Cipinang Muara 2 No.35, RT.15/RW.4, Pd. Bambu, Kec. Duren Sawit, Kota Jakarta Timur, Daerah Khusus Ibukota Jakarta 13430",-6.2230584,106.8954404,02121385039,"senin - sabtu 09.00 - 18.00, minggu tutup","tune up, modifikasi dan maintenance mobil"
Dua Rajo Auto CARe,https://lh5.googleusercontent.com/p/AF1QipN_nHBkJ96p7OQT5VUAvif4otnjbuIPHS9PTrT7=w296-h168-n-k-no,"Jl. KH. Maisin No.90, RT.3/RW.7, Klender, Kec. Duren Sawit, Kota Jakarta Timur, Daerah Khusus Ibukota Jakarta 13470",-6.220477,106.9043675,082333552500,"senin - sabtu 08.00 - 17.00, jumat 08.00 - 11.30, minggu tutup","ac, ban, pemasangan dan reparasi ac, pembersihan karburator, pengecatan, penggantian filter kabin dan udara, ganti oli, penyetelan mesin otomatis, transmisi"
bengkel spesialis mobil matic,https://streetviewpixels-pa.googleapis.com/v1/thumbnail?panoid=SYY6730HCKQHj7rDBDR-yg&cb_client=search.gws-prod.gps&w=408&h=240&yaw=355.63123&pitch=0&thumbfov=100,"Jl. Pondok Bambu III No.15, RW.7, Pd. Bambu, Kec. Duren Sawit, Kota Jakarta Timur, Daerah Khusus Ibukota Jakarta 13430",-6.2410776,106.9024454,082122986001,"senin - sabtu 007.00 - 17.00, minggu tutup","ac, baterai, diagnostik mesin mobil, listrik, penggantian filter kabin dan udara, ganti oli, rem, reparasi suspensi dan setir"
Bengkel Mobil BOS Kedoya,https://lh5.googleusercontent.com/p/AF1QipMFv_VdSOHM4XCSXM9TV11aneTVZKmmVDz64b7k=w408-h306-k-no,"Jl. Panjang No.28, RT.7/RW.1, Kedoya Utara, Kec. Kb. Jeruk, Kota Jakarta Barat, Daerah Khusus Ibukota Jakarta 11520",-6.1829599,106.76784,02129036167,"senin - sabtu 08.00 - 17.00, minggu 08.00 - 15.00","diagnostik mesin mobil, ganti oli"
Bengkel Mobil Mutiara Jaya,https://lh5.googleusercontent.com/p/AF1QipMiltFjbLfN7AgjFq5db0PwyEneHqS4yFsp6l3F=w408-h544-k-no,"Jl. Rasa Sayang No.11, RW.3, Wijaya Kusuma, Kec. Grogol petamburan, Kota Jakarta Barat, Daerah Khusus Ibukota Jakarta 11460",-6.160978,106.7720801,082110793001,senin - minggu 08.00 - 17.00,"pengecatan, penggantian ban mobil, penggantian kaca mobil, reparasi dan perawatan umum, reparasi trim dan bodi mobil, las dan ketok body mobil, ganti sarung jok, poles body mobil, las listrik"
KJS Motor - Spesialis Bengkel Mesin & Transmisi Mobil Jakarta,https://lh5.googleusercontent.com/p/AF1QipMzAab2TtZU_AHznPAEvTOPN7SmCArmD8MM3mbM=w426-h240-k-no,"Jl. Raya Duri Kosambi Dekat Pusdiklat Garuda No.62, RT.3/RW.1, Duri Kosambi, Kecamatan Cengkareng, Kota Jakarta Barat, Daerah Khusus Ibukota Jakarta 11750",-6.1726333,106.72209,081510354184,"senin - sabtu 08.30 - 17.00, minggu tutup","ac, ban, baterai, bodi dan trim, diagnostik mesin mobil, penggantian filter kabin dan udara, ganti oli, penyejajaran roda, rem, reparasi elektrik, reparasi suspensi dan setir, reparasi transmisi, servis dan perbaikan rem, transmis, bongkar mesin, engine overhaul"
bengkel mobil rahayu,https://lh5.googleusercontent.com/p/AF1QipNzt3_pRS1bOyYjfOjewQQ2BKtdVK5Sj97zMLX5=w408-h306-k-no,"Jl. H. Kemit No.36, RT.7/RW.5, Klp. Dua, Kec. Kb. Jeruk, Kota Jakarta Barat, Daerah Khusus Ibukota Jakarta 11550",-6.2093868,106.7699439,085216078267,senin - sabtu 09.00 - 17.00,"ac, baterai, diagnostik mesin mobil, listrik, penggantian filter kabin dan udara, ganti oli, rem, reparasi suspensi dan setir, transmisi"
Bengkel Mobil BOS Kavling DKI,https://lh5.googleusercontent.com/p/AF1QipMP64kMnV5NU3qA1mlxYLRzbRHgXfPflVi8fBKN=w296-h168-n-k-no,"Jl. Meruya Utara No.25, RT.5/RW.1, Meruya Utara, Kec. Kembangan, Kota Jakarta Barat, Daerah Khusus Ibukota Jakarta 11620",-6.1919704,106.7248561,02158908779,senin - minggu 08.00 - 17.00,"ganti oli, penyejajaran roda, reparasi suspensi dan setir, sevis dan perbaikan rem"
BENGKEL MOBIL ANGKASA TEKNIK,https://lh5.googleusercontent.com/p/AF1QipMB28EfY8P09tTVYXJbnik8W5Ep0ZxbgHX7uRXF=w296-h168-n-k-no,"Jl. Panjang No.70, RT.6/RW.11, Kb. Jeruk, Kec. Kb. Jeruk, Kota Jakarta Barat, Daerah Khusus Ibukota Jakarta 11530",-6.1931929,106.7691458,02153672332,"senin - sabtu 09.00 - 16.00, minggu tutup","ac, ban, baterai, bodi dan trim, pemasangan dan reparasi ac, pembersihan karburator, pengecatan, penggantian filter kabin dan udara, ganti oli, rem, transmisi"
AUTOBOS Bengkel Mobil,https://lh5.googleusercontent.com/p/AF1QipNkxoWOYKISgpKmPO4rUryznGiXg_JepHwBNSsL=w408-h306-k-no,"Jl. H. Kelik No.72, RT.4/RW.8, Klp. Dua, Kec. Kb. Jeruk, Kota Jakarta Barat, Daerah Khusus Ibukota Jakarta 11550",-6.2088507,106.7652127,02158904467,buka 24 jam,"menerima segala jenis perbaikan, servis"
Maxxspeed Bengkel Mobil,https://lh5.googleusercontent.com/p/AF1QipMnMaYZ4A0z0KC1FTC5SHaI05briaadfmvF7yii=w296-h168-n-k-no,"Jl. Lkr. Luar Barat No.5, RT.10/RW.2, Cengkareng Bar., Kecamatan Cengkareng, Kota Jakarta Barat, Daerah Khusus Ibukota Jakarta 11730",-6.151246,106.7270477,081384474577,senin - minggu 09.00 - 17.00,"ac, baterai, diagnostik mesin mobil, listrik, penggantian filter kabin dan udara, ganti oli, rem, reparasi suspensi dan setir, transmisi"
Putra Wijaya Motor,https://lh5.googleusercontent.com/p/AF1QipPbev6QXuuVa3AemHTyuw1Lis5zw4bGFnf7NQbq=w296-h168-n-k-no,"Jl. Raya Daan Mogot No.KM 14 no. 22-23, RT.8/RW.2, Cengkareng Tim., Kecamatan Cengkareng, Kota Jakarta Barat, Daerah Khusus Ibukota Jakarta 11730",-6.1533187,106.7241903,02154398226,"senin - jumat 08.30 - 17.00, sabtu 08.30 - 16.00, minggu tutup","ac, baterai, diagnostik mesin mobil, listrik, penggantian filter kabin dan udara, ganti oli, rem, reparasi dan perawatan umum, reparasi mesin, reparasi suspensi dan setir, transmisi"
Bengkel Mobil Cahaya Motor,https://lh5.googleusercontent.com/p/AF1QipPPlYqq5iEn_H8YcjLGdGh2m-7WO9Gg8IRcMSFI=w296-h168-n-k-no,"Jl. Raya Duri Kosambi No.14, RT.3/RW.1, Duri Kosambi, Kecamatan Cengkareng, Kota Jakarta Barat, Daerah Khusus Ibukota Jakarta 11750",-6.1742045,106.7218997,081210482468,"senin - sabtu 08.00 - 17.00, minggu tutup","ac, baterai, diagnostik mesin mobil, listrik, penggantian filter kabin dan udara, ganti oli, rem, reparasi suspensi dan setir, reparasi trim dan bodi, transmisi, body repair"
bengkel mobil matic mandiri,https://lh5.googleusercontent.com/p/AF1QipM7VUVofrmHN-Zjo4VeA_OjnRUIcaa0auLhxOEj=w296-h168-n-k-no,"Jl. Kedoya Raya No.3, Kedoya Utara, Kec. Kb. Jeruk, Kota Jakarta Barat, Daerah Khusus Ibukota Jakarta 11520",-6.1717175,106.7590511,081399559564,buka 24 jam,"ac, baterai, diagnostik mesin mobil, listrik, penggantian filter kabin dan udara, ganti oli, rem, reparasi suspensi dan setir, transmisi"
Ats motor (bengkel mobil),https://streetviewpixels-pa.googleapis.com/v1/thumbnail?panoid=mWa_3WethRVWUsixW1vk2Q&cb_client=search.gws-prod.gps&w=408&h=240&yaw=202.02345&pitch=0&thumbfov=100,"Jl. Joglo Raya No.3, RT.4/RW.8, Joglo, Kec. Kembangan, Kota Jakarta Barat, Daerah Khusus Ibukota Jakarta 11640",-6.2199451,106.7339152,087784890755,senin - minggu 08.00 - 20.00,"ban, diagnostik mesin mobil, ganti oli, rem, reparasi suspensi dan setir, ac, baterai, bodi dan trim, listrik, penggantian filter kabin dan udara, penyejajaran roda, reparasi elektrik, reparasi transmisi, servis dan perbaikan rem, sistem pembuangan, transmisi"
Bengkel Toyota Faqih Mobil,https://lh5.googleusercontent.com/p/AF1QipMH7aoPja5QdvVu-_XUFKkw2EE1hJ8SNBa9Oz1R=w408-h245-k-no,"Jalan Berdikari Raya No.18, RT.1/RW.2, Sukabumi Utara, Kec. Kb. Jeruk, Kota Jakarta Barat, Daerah Khusus Ibukota Jakarta 11540",-6.2104552,106.783129,08567877803,"senin - jumat 08.00 - 17.00, sabtu 08.00 - 15.00, minggu tutup","ac, ban, bodi dan tri,,, diagnostik mesin mobil, penggantian filter kabin dan udara, ganti oli, rem, servis dan perbaikan rem"
Lido Jaya Motor Workshop,https://lh5.googleusercontent.com/p/AF1QipMt-_wwAQ059QP_HBPaC-z2UMfEtIeFF_h5kcy2=w296-h168-n-k-no,"No., Jl. Meruya Selatan No.24, RT.9/RW.2, Meruya Sel., Kec. Kembangan, DKI Jakarta, Daerah Khusus Ibukota Jakarta 11640",-6.2140642,106.7375502,02158903858,"senin - sabtu 08.00 - 17.00, minggu tutup","bodi dan trim, pengecatan"
Bengkel Mobil Dan's auto Garage,https://lh5.googleusercontent.com/p/AF1QipOktLRFkaTqautgJd5wfk6NdCbR0t4710_5L_oh=w428-h240-k-no,"No:3-4 Perumahan Bojong Indah Cengkareng, JK, Jl. Cabe Rawit Raya, RT.9/RW.6, Rawa Buaya, Cengkareng, West Jakarta City, Jakarta 11740",-6.1611593,106.7417599,081387121123,"senin - sabtu 10.00 - 19.00, minggu tutup","servis, tune up, modifikasi, body repair, pengecatan, restorasi mobil dan motor"
Bengkel mobil panggilan,https://streetviewpixels-pa.googleapis.com/v1/thumbnail?panoid=EKRUgHQyoJKebQSgqSt_4Q&cb_client=search.gws-prod.gps&w=408&h=240&yaw=313.26382&pitch=0&thumbfov=100,"Jl. Palmerah Barat II, Palmerah, Kec. Palmerah, Kota Jakarta Barat, Daerah Khusus Ibukota Jakarta 11480",-6.2055102,106.7875445,085939995235,buka 24 jam,"ban, diagnostik mesin mobil, ganti oli, rem, reparasi suspensi dan setir, ac, baterai, electrical wirring"
"Montir Panggilan Jakarta ""UDIN""",https://lh5.googleusercontent.com/p/AF1QipN6njVEpThbDeQ8ROPWwl78Q7SUE4Ik_RrbjDAP=w296-h168-n-k-no,"Jl. Brigjen Katamso No.17, RW.3, Kota Bambu Sel., Kec. Palmerah, Kota Jakarta Barat, Daerah Khusus Ibukota Jakarta 11410",-6.1889529,106.8043137,081513164040,senin - minggu 09.00 - 17.00,"penggantian filter kabin dan udara, baterai, rem, ac, listrik, diagnostik mesin mobil, ganti oli, reparasi suspensi dan setir, transmisi, penggantian baterai mobil, penggantian rem mobil, reparasi kaca mobil, waxing mobil, pembersihan karburator, reparasi elektrik, reparasi mesin, sistem pembuangan, reparasi dan perawatan umum, jasa pembersihan vakum di bagian dalam mobil, penyetelan mesin otomatis, penyejajaran roda, jasa scanning mobil, mobil mogok, servis dinamo ampere, servis dinamo starter ngadat, servis kaki-kaki, servis kelistrikan atau urut kabel, servis kopling, servis mesin dan ganti oli, servis rem"
Bengkel Mobil Subur Oto,https://lh5.googleusercontent.com/p/AF1QipPS8LEU9cx7zr-A4_M6nlbqSc0trzfex9JjNXvZ=w296-h168-n-k-no,"Jl. Sekretaris Raya No.18, RT.8/RW.5, Duri Kepa, Kec. Kb. Jeruk, Kota Jakarta Barat, Daerah Khusus Ibukota Jakarta 11510",-6.1650357,106.7728153,087808786073,"senin - sabtu 08.00 - 17.00, minggu tutup","bodi dan trim, pengecatan, reparasi kaca mobil"
Bengkel Mobil Ali,https://lh5.googleusercontent.com/p/AF1QipPgWvF8BodKnrsqG77fH4lyxI8IlolrohQOGN9Z=w296-h168-n-k-no,"Jl. Angke Indah No.19, RT.3/RW.1, Angke, Kec. Tambora, Kota Jakarta Barat, Daerah Khusus Ibukota Jakarta 11330",-6.143873,106.8000278,0216319542,"senin - sabtu 09.00 - 17.00, minggu tutup","ac, ban, baterai, diagnostik mesin mobil, listrik, penggantian filter kabin dan udara, ganti oli, penyejajaran roda, rem, reparasi elektrik, reparasi suspensi dan setir, reparasi transmisi, servis dan perbaikan rem, sistem pembuangan, transmisi"
New Beringin Motor (Car Body Repair),https://lh5.googleusercontent.com/p/AF1QipMKemUdHwcvUMTfmhDFiQFes3Y1S0lFn4Njxzbr=w427-h240-k-no,"Jl. Arjuna Sel. Arteri Tol No.10, RW.11, Kb. Jeruk, Kec. Kb. Jeruk, Kota Jakarta Barat, Daerah Khusus Ibukota Jakarta 11520",-6.1900563,106.7702644,081317177339,"senin - jumat 08.30 - 16.30, sabtu 09.00 - 14.00, minggu tutup","ac, ban, bodi dan trim, pengecatan, ganti oli, penyejajaran roda, perawatan eksterior dan interior mobil, rem, reparasi dan perawatan umum, reparasi mesin, sistem pembuangan, waxing mobil"
Karya Mandiri Bengkel Mobil,https://lh5.googleusercontent.com/p/AF1QipPq781GClDtnP7Tv1poXT62OOeUo2v9rf-HevYe=w296-h168-n-k-no,"Jl. Jati No.44, RT.:011/RW:013/RW.13, Kapuk, Kecamatan Cengkareng, Kota Jakarta Barat, Daerah Khusus Ibukota Jakarta 11720",-6.1456735,106.7397562,087885500399,"senin - sabtu 06.00 - 21.00, minggu 06.30 - 21.00","ac, ban, baterai, bodi dan trim, diagnostik mesin mobil, jasa pembersihan vakum di bagian dalam mobil, listrik, pemasangan dan reparasi ac, pembersihan karburator, pengecatan, penggantian filter kabin dan udara, ganti oli, penyejajaran roda, perawatan eksterior dan interior mobil, rem, reparasi dan perawatan umum, reparasi elektrik, reparasi kaca mobil, reparasi mesin, reparasi suspensi dan setir, sistem pembuangan, transmisi, siap storing 24 jam, setel body"
Auto 81,https://lh5.googleusercontent.com/p/AF1QipOteRWCwgzT3BRJinoXl-LYHmdxTaj_gd24yYyv=w296-h168-n-k-no,"Jl. Kedoya Raya No.7, RT.4/RW.7, Kedoya Utara, Kec. Kb. Jeruk, Kota Jakarta Barat, Daerah Khusus Ibukota Jakarta 11520",-6.1693818,106.7609296,082210080022,"senin - sabtu 08.30 - 17.30, minggu tutup","pengecatan, reparasi dan perawatan umum, cat mobil, restorasi body repair mobil"
Bengkel Kurnia Jaya,"https://www.google.com/maps/place/Bengkel+Kurnia+Jaya/@-6.2162782,106.7818049,13z/data=!4m10!1m2!2m1!1sbengkel+mobil+jakarta+selatan!3m6!1s0x2e69f394f9bf2dc7:0xad35ed71d783cc2c!8m2!3d-6.2348918!4d106.8440935!15sCh1iZW5na2VsIG1vYmlsIGpha2FydGEgc2VsYXRhbpIBEGF1dG9fcmVwYWlyX3Nob3DgAQA!16s%2Fg%2F1yg4ltgq0?entry=ttu","Jl. Prof. DR. Soepomo No.145A, RW.1, Menteng Dalam, Kec. Tebet, Kota Jakarta Selatan, Daerah Khusus Ibukota Jakarta 12870",-6.2162782,106.7818049,0218296945,"Senin - Sabtu, 08.30 - 16.00, Minggu Tutup","Balancing, Spooring, Service AC, Ganti Oli, ACCU, Ganti Sparepart"
Bengkel Mobil Mekanika Motor - Body repair & Oven painting,"https://www.google.com/maps/place/Bengkel+Mobil+Mekanika+Motor+-+Body+repair+%26+Oven+painting/@-6.2408817,106.7546332,13z/data=!4m10!1m2!2m1!1sbengkel+mobil+jakarta+selatan!3m6!1s0x2e69f3dc35d897cb:0xe8e684d3fa1b2549!8m2!3d-6.2408841!4d106.8267187!15sCh1iZW5na2VsIG1vYmlsIGpha2FydGEgc2VsYXRhblofIh1iZW5na2VsIG1vYmlsIGpha2FydGEgc2VsYXRhbpIBEGF1dG9fcmVwYWlyX3Nob3CaASNDaFpEU1VoTk1HOW5TMFZKUTBGblNVTlNOMHhUWlVkbkVBReABAA!16s%2Fg%2F1tf0526z?entry=ttu","No 9 C, Jl. Kapten Tendean, Mampang Prapatan, South Jakarta City, Jakarta 12790",-6.2408817,106.7546332,0217991079,"Senin - Jumat, 08.30 - 16.00, Sabtu - Minggu Tutup","Body Repair, Painting"
CV. SUN PEMUDA AUTOMOTIVE,"https://www.google.com/maps/place/CV.+SUN+PEMUDA+AUTOMOTIVE/@-6.2408817,106.7546332,13z/data=!4m10!1m2!2m1!1sbengkel+mobil+jakarta+selatan!3m6!1s0x2e69f3df9f62ffb5:0x75a5862962d0a8f0!8m2!3d-6.2403278!4d106.8192825!15sCh1iZW5na2VsIG1vYmlsIGpha2FydGEgc2VsYXRhbpIBCmNhcl9yZXBhaXLgAQA!16s%2Fg%2F1vlwtnwh?entry=ttu","Jl. Kapten Tendean No.18-20, RT.1/RW.1, Pela Mampang, Kec. Mampang Prpt., Kota Jakarta Selatan, Daerah Khusus Ibukota Jakarta 12720",-6.2408817,106.7546332,,"Senin - Jumat, 08.00 - 17.00, Sabtu - Minggu Tutup",Ganti Oli
Service mobil montir,"https://www.google.com/maps/place/Service+mobil+montir/@-6.2396125,106.7783332,14z/data=!4m10!1m2!2m1!1sbengkel+mobil+jakarta+selatan!3m6!1s0x2e69f1c6d661c397:0xb2983799fe34ff4d!8m2!3d-6.2436553!4d106.801118!15sCh1iZW5na2VsIG1vYmlsIGpha2FydGEgc2VsYXRhbpIBCG1lY2hhbmlj4AEA!16s%2Fg%2F11jvj8sjjw?entry=ttu","Jalan Sultan Hasanudin dalam blok-m Mall Basement, ruko No.17, Kota Jakarta Selatan, Daerah Khusus Ibukota Jakarta 12160",-6.2396125,106.7783332,08158705792,"Senin - Minggu, 07.00 - 17.00",Ganti Oli
Bengkel Mobil Raja Service,"https://www.google.com/maps/place/Bengkel+Mobil+Raja+Service/@-6.2477021,106.7581952,14z/data=!4m10!1m2!2m1!1sbengkel+mobil+jakarta+selatan!3m6!1s0x2e69f1a0c7e7512f:0x7c67351fbcb8ccc6!8m2!3d-6.260528!4d106.7891176!15sCh1iZW5na2VsIG1vYmlsIGpha2FydGEgc2VsYXRhblofIh1iZW5na2VsIG1vYmlsIGpha2FydGEgc2VsYXRhbpIBEGF1dG9fcmVwYWlyX3Nob3CaASNDaFpEU1VoTk1HOW5TMFZKUTBGblNVTnRYMDFQYjFkQkVBReABAA!16s%2Fg%2F1hc3nsqxk?entry=ttu","Jl. Radio Dalam Raya No.54, RW.14, Gandaria Utara, Kec. Kby. Baru, Kota Jakarta Selatan, Jawa Barat 12140",-6.2477021,106.7581952,0217264734,"Senin - Sabtu, 09.00 - 16.40, Minggu Tutup","Ganti Oli, Tune Up, Service AC, Ganti Kopling"
Bengkel Pandawa 76,"https://www.google.com/maps/place/Bengkel+Pandawa+76/@-6.2532479,106.7957032,14z/data=!4m10!1m2!2m1!1sbengkel+mobil+jakarta+selatan!3m6!1s0x2e69f33fb0f0251b:0x809b048c7e81ed62!8m2!3d-6.2435089!4d106.8189798!15sCh1iZW5na2VsIG1vYmlsIGpha2FydGEgc2VsYXRhblofIh1iZW5na2VsIG1vYmlsIGpha2FydGEgc2VsYXRhbpIBF2F1dG9fZWxlY3RyaWNhbF9zZXJ2aWNlmgEjQ2haRFNVaE5NRzluUzBWSlEwRm5TVU5IYlRSSGQxTkJFQUXgAQA!16s%2Fg%2F11hrlt46lw?entry=ttu","Jl. Bangka II No.1, RW.1, Pela Mampang, Kec. Mampang Prpt., Kota Jakarta Selatan, Daerah Khusus Ibukota Jakarta 12720",-6.2532479,106.7957032,081299137664,"Senin - Sabtu, 09.00 - 20.00, Jumat 09.00 - 17.00, Minggu Tutup","Overhold, Tune Up, Service, Cuci Stem"
Mahardika Auto Care,"https://www.google.com/maps/place/Mahardika+Auto+Care/@-6.240887,106.8062049,14z/data=!4m10!1m2!2m1!1sbengkel+mobil+jakarta+selatan!3m6!1s0x2e69f3c3756bf0f3:0x62b79b5174ea120!8m2!3d-6.2414064!4d106.8324895!15sCh1iZW5na2VsIG1vYmlsIGpha2FydGEgc2VsYXRhblofIh1iZW5na2VsIG1vYmlsIGpha2FydGEgc2VsYXRhbpIBEGF1dG9fcmVwYWlyX3Nob3CaASNDaFpEU1VoTk1HOW5TMFZKUTBGblNVTkhNVFp1UkVOQkVBReABAA!16s%2Fg%2F11f3zw5xyx?entry=ttu","Jl. Tegal Parang Utara No.14, RT.2/RW.4, Mampang Prpt., Kec. Mampang Prpt., Kota Jakarta Selatan, Daerah Khusus Ibukota Jakarta 12790",-6.240887,106.8062049,08118988598,"Senin - Minggu, 08.00 - 20.00","Ganti Oli, Service, Painting, Ganti Sparepart"
SLT Pancoran Bengkel & Carwash Mobil & Motor,"https://www.google.com/maps/place/SLT+Pancoran+Bengkel+%26+Carwash+Mobil+%26+Motor/@-6.2437131,106.8066994,14z/data=!4m10!1m2!2m1!1sbengkel+mobil+jakarta+selatan!3m6!1s0x2e69f3e9902061c3:0xe7e328c00989034f!8m2!3d-6.2451904!4d106.8416644!15sCh1iZW5na2VsIG1vYmlsIGpha2FydGEgc2VsYXRhblofIh1iZW5na2VsIG1vYmlsIGpha2FydGEgc2VsYXRhbpIBCmNhcl9yZXBhaXKaASNDaFpEU1VoTk1HOW5TMFZKUTBGblNVUjFialJwV21KUkVBReABAA!16s%2Fg%2F1tyh4swg?entry=ttu","Jl. Raya Pasar Minggu No.11A, RT.1/RW.4, Pancoran, Kec. Pancoran, Kota Jakarta Selatan, Daerah Khusus Ibukota Jakarta 12780",-6.2437131,106.8066994,0217990888,"Senin - Minggu, 07.00 - 22.00","Ganti Oli, Ban, ACCU, Sparepart, Accessories, Service, Tune Up, Overhaul, Salon Mobil "
EurO Autocare,"https://www.google.com/maps/place/EurO+Autocare/@-6.2527398,106.8425005,14z/data=!4m10!1m2!2m1!1sbengkel+mobil+jakarta+selatan!3m6!1s0x2e69f3b5e3bb3447:0xbfc6ac32ce10dd82!8m2!3d-6.2527206!4d106.8422668!15sCh1iZW5na2VsIG1vYmlsIGpha2FydGEgc2VsYXRhblofIh1iZW5na2VsIG1vYmlsIGpha2FydGEgc2VsYXRhbpIBEGF1dG9fcmVwYWlyX3Nob3CaASRDaGREU1VoTk1HOW5TMFZKUTBGblNVTk5YMk5xWTNsM1JSQULgAQA!16s%2Fg%2F1yfjvnny2?entry=ttu","Jl. Raya Pasar Minggu No.88, RT.1/RW.7, Pancoran, Kec. Pancoran, Kota Jakarta Selatan, Daerah Khusus Ibukota Jakarta 12780",-6.2527398,106.8425005,081314149262,"Senin - Minggu, Buka 24 Jam","Spooring, Balancing"
Bengkel Malang Putra ( Bengkel Santoso ),"https://www.google.com/maps/place/Bengkel+Malang+Putra+(+Bengkel+Santoso+)/@-6.2463408,106.8116873,14z/data=!4m10!1m2!2m1!1sbengkel+mobil+jakarta+selatan!3m6!1s0x2e69f3cf5daab845:0x3981d1e4d7bef918!8m2!3d-6.2480924!4d106.8342272!15sCh1iZW5na2VsIG1vYmlsIGpha2FydGEgc2VsYXRhblofIh1iZW5na2VsIG1vYmlsIGpha2FydGEgc2VsYXRhbpIBEGF1dG9fcmVwYWlyX3Nob3CaASNDaFpEU1VoTk1HOW5TMFZKUTBGblNVTlNkeTFwVmtaQkVBReABAA!16s%2Fg%2F11hbncpp4y?entry=ttu","QR2M+QM9, Jl. Mampang Prapatan VIII, RT.2/RW.4, Tegal Parang, Kec. Mampang Prpt., Kota Jakarta Selatan, Daerah Khusus Ibukota Jakarta 12790",-6.2463408,106.8116873,085771476772,"Senin - Minggu, 07.00 - 17.00","Painting, Service"
Bengkel Mobil Indah Jaya,"https://www.google.com/maps/place/Bengkel+Mobil+Indah+Jaya/@-6.2503577,106.7973232,14z/data=!4m10!1m2!2m1!1sbengkel+mobil+jakarta+selatan!3m6!1s0x2e69f34f805cff1b:0xa2ddf2f30d8b2b18!8m2!3d-6.2536735!4d106.82703!15sCh1iZW5na2VsIG1vYmlsIGpha2FydGEgc2VsYXRhbpIBEGF1dG9fcmVwYWlyX3Nob3DgAQA!16s%2Fg%2F11f6xjtr3z?entry=ttu","Jl. Buncit Raya No.79A, RW.1, Duren Tiga, Kec. Pancoran, Kota Jakarta Selatan, Daerah Khusus Ibukota Jakarta 12760",-6.2503577,106.7973232,081210208622,"Senin - Minggu, 08.00 - 20.00","Service, Tune Up, Overhaul"
AUTO DIVA BENGKEL,"https://www.google.com/maps/place/AUTO+DIVA+BENGKEL/@-6.245905,106.7841107,14z/data=!4m10!1m2!2m1!1sbengkel+mobil+jakarta+selatan!3m6!1s0x2e69f13e573c4271:0x889272152a956887!8m2!3d-6.2459042!4d106.8201576!15sCh1iZW5na2VsIG1vYmlsIGpha2FydGEgc2VsYXRhbpIBEGF1dG9fcmVwYWlyX3Nob3DgAQA!16s%2Fg%2F11qs855cxg?entry=ttu","Jalan Bangka 2C No7a, RT.1/RW.3, Pela Mampang, Kec. Mampang Prpt., Kota Jakarta Selatan, Daerah Khusus Ibukota Jakarta 12720",-6.245905,106.7841107,085810285137,"Senin - Kamis 08.30 - 17.30, Jumat - Sabtu 08.00 - 17.00, Minggu Tutup","Body Repairing, Body Polishing, Ganti Kaca, Ganti Oli, Tune Up"
Nawilis Ban,"https://www.google.com/maps/place/Nawilis+Ban/@-6.2499149,106.7919336,14z/data=!4m10!1m2!2m1!1sbengkel+mobil+jakarta+selatan!3m6!1s0x2e69f10d73b5a2df:0xf75a90c756c5d34e!8m2!3d-6.2500376!4d106.7918658!15sCh1iZW5na2VsIG1vYmlsIGpha2FydGEgc2VsYXRhblofIh1iZW5na2VsIG1vYmlsIGpha2FydGEgc2VsYXRhbpIBF3doZWVsX2FsaWdubWVudF9zZXJ2aWNlmgEkQ2hkRFNVaE5NRzluUzBWSlEwRm5TVU5IZFdaVFpEWjNSUkFC4AEA!16s%2Fg%2F1tg_6xkv?entry=ttu","Jl. Radio Dalam Raya No.3A-B, RT.10/RW.1, Gandaria Utara, Kec. Kby. Baru, Kota Jakarta Selatan, Daerah Khusus Ibukota Jakarta 12140",-6.2499149,106.7919336,0217227330,"Senin - Sabtu, 08.00 - 19.00, Minggu 08.30 - 16.00","Spooring, Balancing, Ganti Oli, Ganti Ban, Service, Tune Up, Filter, Battery Check"
Bengkel Mobil Wefixcar-2,"https://www.google.com/maps/place/Bengkel+Mobil+Wefixcar-2/@-6.24674,106.808923,14.54z/data=!4m10!1m2!2m1!1sbengkel+mobil+jakarta+selatan!3m6!1s0x2e69f3d2dc60d71d:0xed8bac8ad2840a5a!8m2!3d-6.2393391!4d106.8352467!15sCh1iZW5na2VsIG1vYmlsIGpha2FydGEgc2VsYXRhbpIBCmNhcl9yZXBhaXLgAQA!16s%2Fg%2F11lkw75qyk?entry=ttu","Jl. Dukuh Patra No.Raya, RW.2, Menteng Dalam, Kec. Tebet, Kota Jakarta Selatan, Daerah Khusus Ibukota Jakarta 12870",-6.24674,106.808923,08158007303,"Senin - Jumat 09.00 - 17.00, Sabtu - Minggu 09.00 - 14.00","Tune Up, Service AC, ACCU, Rem, Kopling, Matic"
Dokter Mobil - Bengkel Service AC & Tune Up Mobil,https://lh5.googleusercontent.com/p/AF1QipMjVndFKPGLWf_DmA7h_fw7t5Rb2FFbfpTpUJxt=w408-h544-k-no,"Blok QJ3 No, Jl. Boulevard Raya No.24, RW.12, Klp. Gading Bar., Kec. Klp. Gading, Jkt Utara, Daerah Khusus Ibukota Jakarta 14240",-6.145421,106.909459,087880884576,senin - minggu 09.00 - 17.00,"ac, diagnostik mesin mobil, pemasangan dan reparasi ac, penggantian filter kabin dan udara, ganti oli, reparasi suspensi dan setir"
Nusantara Jaya Motor,https://lh5.googleusercontent.com/p/AF1QipOJ45IGklq8pmnn1bzerhf5wh2Bah_YsVUlDz0A=w426-h240-k-no,"Jl. Kramat Jaya No. 35 RT 001 RW 03 Lagoa Koja Jakarta Utara DKI Jakarta, RT.6/RW.8, Lagoa, Koja, Jl. Kramat Jaya Raya, RT.7/RW.16, Lagoa, Kec. Koja, Jkt Utara, Daerah Khusus Ibukota Jakarta 14270",-6.1105604,106.9171792,0214307728,"senin - sabtu 07.30 - 16.30, minggu tutup","ban, baterai, diagnostik mesin mobil, listrik, ganti oli, penyejajaran roda, rem, reparasi dan perawatan umum, reparasi elektrik, reparasi mesin, "
Bengkel Mobil Surya Mas / Davinci,https://lh5.googleusercontent.com/p/AF1QipNsyfd3pM3OZpeqgiyLYfvh6GrRlRqURBz4WNg3=w408-h306-k-no,"RW.5, Klp. Gading Bar., Kec. Klp. Gading, Jkt Utara, Daerah Khusus Ibukota Jakarta 14240",-6.1727372,106.8937278,0816851103,senin - minggu 10.00 - 17.00,"ac, ban, baterai, bodi dan trim, diagnostik mesin mobil, listrik, penggantian filter kabin dan udara, ganti oli, rem, reparasi suspensi dan setir, sistem pembuangan, transmisi, kaca film"
Bengkel mobil,https://streetviewpixels-pa.googleapis.com/v1/thumbnail?panoid=OKrZQUyrkNJbESavO7YEgQ&cb_client=search.gws-prod.gps&w=408&h=240&yaw=217.10287&pitch=0&thumbfov=100,"Jl. Agung Utara 1 No.35, Sunter Agung, Kec. Tj. Priok, Jkt Utara, Daerah Khusus Ibukota Jakarta 14350",-6.1374701,106.8619393,085246854599,,"ban, diagnostik mesin mobil, ganti oli, rem, reparasi suspensi dan setir, ac, baterai, bodi dan trim, listrik, penggantian filter kabin dan udara, penyejajaran roda, reparasi elektrik, reparasi transmisi, servis dan perbaikan rem, sistem pembuangan, transmisi"
Kudamas Autindo,https://lh5.googleusercontent.com/p/AF1QipO4MbQs4y71EQnEbdncpYtzaDKOEO1W1PdeAgRN=w426-h240-k-no,"Jl. Danau Sunter Barat No.5, RW.10, Sunter Agung, Kec. Tj. Priok, Jkt Utara, Daerah Khusus Ibukota Jakarta 14350",-6.1426578,106.8577464,0216409928,senin - minggu 08.00 - 20.00,"ac, ban, baterai, jasa pembersihan vakum di bagian dalam mobil, listrik, pemasangan dan reparasi ac, penggantian filter kabin dan udara, ganti oli, penyejajaran roda, penyetelan mesin otomatis, rem, reparasi dan perawatan umum, reparasi elektrik, reparasi suspensi dan setir, transmisi"
Bengkel Mobil Iwan Service,https://lh5.googleusercontent.com/p/AF1QipMt9oE40HcwSBRgQOkJG_s09K8Yizj8XYtM_Bhd=w408-h861-k-no,"Jln. Logistic, Jl. Pegangsaan Dua, RT.7/RW.4, Tugu Sel., Kec. Koja, Jkt Utara, Daerah Khusus Ibukota Jakarta 14260",-6.1350259,106.9153225,081315353412,buka 24 jam,"ac, baterai, bodi dan trim, diagnostik mesin mobil, listrik, pemasangan dan reparasi ac, pembersihan karburator, pengecatan, penggantian filter kabin dan udara, ganti oli, perawatan eksterior dan interior mobil, rem, reparasi dan perawatan umum, reparasi elektrik, reparasi mesin, reparasi suspensi dan setir, transmisi"
Bengkel Mobil Sahabat Motor Heri,https://lh5.googleusercontent.com/p/AF1QipM1MqfMcEq1kdh03JQqZGTK6vZoAC3JknI0W0m_=w533-h240-k-no,"Jl. R. E. Martadinata No.12, RT.6/RW.5, Ancol, Kec. Pademangan, Jkt Utara, Daerah Khusus Ibukota Jakarta 14430",-6.1312442,106.8278589,087877381238,"senin - sabtu 08.00 - 17.00, minggu tutup","ac, ban, baterai, diagnostik mesin mobil, listrik, penggantian filter dan kabin udara, ganti oli, rem, reparasi suspensi dan setir"
Castrol Service Kian Mandiri Motor,https://lh5.googleusercontent.com/p/AF1QipMkNCNXx4y4v-CRkkLvVQrRmXVAGM54n9sXLkMc=w408-h544-k-no,"Jl. Raya Klp. Hybrida No.28, RT.12/RW.18, Klp. Gading Bar., Kec. Klp. Gading, Jkt Utara, Daerah Khusus Ibukota Jakarta 14240",-6.1481573,106.9113082,02145841988,"senin - sabtu 08.00 - 17.00, minggu tutup","ac, ban, baterai, diagnostik mesin mobil, pemasangan dan reparasi ac, pembersihan karburator, penggantian filter kabin dan udara, ganti oli, penyejajaran roda, penyetelan mesin otomatis, rem, reparasi dan perawatan umum, reparasi mesin, reparasi suspensi dan setir, transmisi"
ASTON Body Repair Bengkel Cat Mobil Bergaransi,https://lh5.googleusercontent.com/p/AF1QipPrG3rvIdJ4SgW4eMsDVjfedHMuMTVay3uq4I8S=w426-h240-k-no,"Jl. Danau Elok IX No.38, RT.4/RW.11, Sunter Jaya, Kec. Tj. Priok, Jkt Utara, Daerah Khusus Ibukota Jakarta 14350",-6.156014,106.8813425,02122651462,"senin - jumat 09.00 - 17.00, sabtu 09.00 - 15.00, minggu tutup",bodi dan trim
Bengkel Mobil Dua Motor,https://lh5.googleusercontent.com/p/AF1QipPA13IL2YtRqbuyzk_Xo-QvXc4KKACaDF2k1qGI=w408-h725-k-no,"Jl. Malaka 1 Gg. 2 No.12, RW.5, Rorotan, Kec. Cilincing, Jkt Utara, Daerah Khusus Ibukota Jakarta 14140",-6.1382317,106.9527591,089674232535,buka 24 jam,"ac, baterai, diagnostik mesin mobil, listrik, penggantian filter kabin dan udara, ganti oli, rem, reparasi suspensi dan setir, transmisi"
Castrol Service Aneka Jaya Auto Mobil,https://lh5.googleusercontent.com/p/AF1QipPszKP6bVO26vjEACyM7AhYhtKOhMNw5JgKlA6U=w408-h306-k-no,"Jl. Sunter Mas Barat I Blok H9 No. 12 Sunter Agung Tanjung Priok Jakarta Utara DKI Jakarta RT.2, RT.2/RW.8, Sunter Jaya, Kec. Tj. Priok, Jkt Utara, Daerah Khusus Ibukota Jakarta 14350",-6.1584791,106.868192,0216517248,"senin 08.00 - 19.40, selasa - sabtu 08.00 - 17.30, minggu tutup","ac, ban, baterai, diagnostik mesin mobil, listrik, penggantian filter dan kabin udara, ganti oli, penyejajaran roda, rem, reparasi elektrik, reparasi suspensi dan setir, servis dan perbaikan rem, transmisi"
Servis Mobil Kunjungan 24 Jam,https://lh5.googleusercontent.com/p/AF1QipNLxw2QVOtmfO5qFDIoEUuYzWR0KOB0k1XzEtPN=w408-h544-k-no,"Jl. Boulevard Bar. Raya, RT.13/RW.7, Klp. Gading Bar., Kec. Klp. Gading, Jkt Utara, Daerah Khusus Ibukota Jakarta 14250",-6.1560106,106.898026,081323445796,"senin, jumat, sabtu, minggu buka 24 jam, kamis 00.00 - 22.00, rabu, selasa 17.00 - 22.00","ban, baterai, ganti oli, rem, reparasi mesin, reparasi suspensi dan setir"
Castrol Service Setia Mandiri Motor,https://lh5.googleusercontent.com/p/AF1QipO7nXNiBgxL_aoVh4HtTpln_Q0V2KcxgIPKc9mR=w427-h240-k-no,"Jl. Danau Sunter Barat No.5, RT.4/RW.7, Sunter Agung, Kec. Tj. Priok, Jkt Utara, Daerah Khusus Ibukota Jakarta 14350",-6.13311,106.8556632,02165837387,"senin - jumat 09.00 - 17.00, sabtu 09.00 - 15.00, minggu tutup","bodi dan trim, ganti oli"
Tiga Sodara Motor,https://lh5.googleusercontent.com/p/AF1QipMGxGwNJIW01PrywoybLiretgMIpnTxruhFJ6lY=w426-h240-k-no,"Jl H.M dault S 56 rt04/08 kel, RW.5, Rawabadak Sel., Kec. Koja, Jkt Utara, Daerah Khusus Ibukota Jakarta 14230",-6.1383737,106.9033402,0895321280444,senin - minggu 08.00 - 05.00,"ac, ban, baterai, bodi dan trim, diagnostik mesin mobil, pembersihan vakum di bagian dalam mobil, listrik, pemasangan dan reparasi ac, pembersihan karburator, pengecatan, penggantian filter kabin dan udara, ganti oli, penyejajaran roda, penyetelan mesin otomatis, perawatan eksterior dan interior mobil, rem, reparasi dan perawatan umum, reparasi elektrik, reparasi kaca mobil, reparasi mesin, reparasi suspensi dan setir, sistem pembuangan, transmisi, waxing mobil"
Bengkel mobil 24 jam jakarta,https://lh5.googleusercontent.com/p/AF1QipPH8DJgcpd63TUq7VqKjDhn6PIV1FIrovia9Paa=w408-h544-k-no,"selatan, Ps. Mobil Kemayoran, Jl. Industri Raya No.32 33, Gn. Sahari Sel., Kec. Kemayoran, Jkt Utara, Daerah Khusus Ibukota Jakarta 10610",-6.1512511,106.8433205,081286493835,buka 24 jam,"ac, ban, baterai, diagnostik mesin mobil, listrik, pemasangan dan reparasi ac, pembersihan karburator, pengecatan, penggantian filter kabin dan udara, ganti oli, penyetelan mesin otomatis, rem, reparasi dan perawatan umum, reparasi elektrik, reparasi kaca mobil, reparasi mesin, reparasi suspensi dan setir, transmisi"
BENGKEL MOBIL AMS ( MEKANIK PANGGILAN ),https://lh5.googleusercontent.com/p/AF1QipPYKRMBFsBgI5Ha9ZmanQfkDwbl35OdwGqkhnx5=w408-h544-k-no,"Jl. Sungai Kendal Gg. H.Tekel No.60, RW.8, Marunda, Kec. Cilincing, Jkt Utara, Daerah Khusus Ibukota Jakarta 14140",-6.134801,106.9657329,082124550594,"senin - sabtu 10.00 - 23.00, minggu 09.30 - 23.00","ban, diagnostik mesin mobil, ganti oli, rem, reparasi suspensi dan setir, ac, baterai, listrik, reparasi elektrik, reparasi transmisi, servis dan perbaikan rem, tansmisi, layanan home service"
Bengkel Cat Mobil dan Body Repair Dinarti Putro,https://lh5.googleusercontent.com/p/AF1QipPSf5lVH8FKoTpws2QgDh5a5xcfBffokaS_fFgj=w408-h388-k-no,"Jl. Walang Baru Raya No.7, RT.6/RW.12, Tugu Utara, Kec. Koja, Jkt Utara, Daerah Khusus Ibukota Jakarta 14260",-6.128281,106.9060035,02143936105,"senin - jumat 08.30 - 16.30, sabtu 08.30 - 15.00, minggu tutup","bodi dan trim, pengecatan, perawatan eksterior dan interior mobil, waxing mobil, Menerima Asuransi & Mobil Umum, Menerima perbaikan Velg Racing, Pengecatan Motor dan Rangka Sepeda"
Bengkel Mobil Spesialis BMW,https://lh5.googleusercontent.com/p/AF1QipP44BvMtlJ_wQwEnmECKvara2Odkuo0OAMA8EI=w408-h725-k-no,"Jl. Walang Timur No.33, RT.6/RW.1, Tugu Utara, Kec. Koja, Jkt Utara, Daerah Khusus Ibukota Jakarta 14260",-6.1267741,106.9067805,083812933348,"senin - jumat 09.00 - 18.00, sabtu 00.00 - 21.00, minggu tutup","ganti oli, rem"
Service AC Mobil Jakarta Utara,https://lh5.googleusercontent.com/p/AF1QipMIAFR8OKU2zacEsuWjouHPCdTCm5RjQX9J4EFF=w408-h408-k-no,"Jalan Gading Putih Raya blok SC2 No. 9, Klp. Gading Tim., Kec. Klp. Gading, Jkt Utara, Daerah Khusus Ibukota Jakarta 14240",-6.1729179,106.9014663,08161975860,"senin - sabtu 08.30 - 16.30, minggu tutup","ac, diagnostik mesin mobil, listrik, pemasangan dan reparasi ac, penggantian filter kabin dan udara, ganti oli, rem, reparasi suspensi dan setir, transmisi"
OtoXpert Kelapa Gading,https://lh5.googleusercontent.com/p/AF1QipOTliH4NIrBw2OUhmcgDlRDMGysf4W47cTAfMx2=w408-h545-k-no,"Jl. Boulevard Raya Blok DG No.12, RT.4/RW.17, Klp. Gading Tim., Kec. Klp. Gading, Jkt Utara, Daerah Khusus Ibukota Jakarta 14240",-6.173223,106.8976647,08111060290,"senin - sabtu 08.00 - 18.00, minggu 08.00 - 16.00","ban, baterai, bodi dan trim, diagnostik mesin mobil, listrik, penggantian filter kabin dan udara, ganti oli, penyejajaran roda, rem, reparasi elektrik, reparasi suspensi dan setir, reparasi transmisi, sistem pembuangan, transmisi"
Jaya Motor,"https://www.google.com/maps/place/Jaya+Motor/@-6.1894502,106.8376599,3a,75y,90t/data=!3m8!1e2!3m6!1sAF1QipOYrd6SW44ShWfr_zbrqjt4TMFnw-0ZYOj_kZAw!2e10!3e12!6shttps:%2F%2Flh5.googleusercontent.com%2Fp%2FAF1QipOYrd6SW44ShWfr_zbrqjt4TMFnw-0ZYOj_kZAw%3Dw86-h114-k-no!7i1704!8i2272!4m11!1m2!2m1!1sbengkel+mobil+jakarta+pusat!3m7!1s0x2e69f43f27fc212d:0x1d72890f85929a1a!8m2!3d-6.189422!4d106.837733!10e5!15sChtiZW5na2VsIG1vYmlsIGpha2FydGEgcHVzYXRaHSIbYmVuZ2tlbCBtb2JpbCBqYWthcnRhIHB1c2F0kgEKY2FyX3JlcGFpcpoBJENoZERTVWhOTUc5blMwVkpRMEZuU1VOak1qZHBkVGhCUlJBQuABAA!16s%2Fg%2F1vc69v4j","Jl. Cikini Raya No.67, RT.16/RW.1, Cikini, Kec. Menteng, Kota Jakarta Pusat, Daerah Khusus Ibukota Jakarta 10330",-6.1937411,106.7766373,02131931375,"Senin - Sabtu 08.00 - 17.00, Kamis dan Minggu tutup",Ganti Oli
"Bengkel Mobil ""BAO""","https://www.google.com/maps/place/Bengkel+Mobil+%22BAO%22/@-6.1972171,106.8132393,13.54z/data=!4m10!1m2!2m1!1sbengkel+mobil+jakarta+pusat!3m6!1s0x2e69f52e0d167f35:0xddaef4a466c97277!8m2!3d-6.202821!4d106.855447!15sChtiZW5na2VsIG1vYmlsIGpha2FydGEgcHVzYXSSARBhdXRvX3JlcGFpcl9zaG9w4AEA!16s%2Fg%2F11gvx_9fvy","QVW4+V5G, RT.2/RW.1, Pegangsaan, Kec. Menteng, Kota Jakarta Pusat, Daerah Khusus Ibukota Jakarta 10320",-6.1972171,106.8132393,081381714021,"Senin - Minggu, 08.00 - 18.00",ganti oli
OtoXpert Rawasari,"https://www.google.com/maps/place/OtoXpert+Rawasari+-+Bengkel+Mobil+Jakarta+Terdekat+Terpercaya,+Ganti+Oli,+Aki,+Ban,+Rem,+Servis+Berkala,+Tune+Up+dan+Spooring/@-6.1922402,106.8158148,13z/data=!4m10!1m2!2m1!1sbengkel+mobil+jakarta+pusat!3m6!1s0x2e69f5a675c84b75:0xb7d8da0a2202b914!8m2!3d-6.1857654!4d106.8710397!15sChtiZW5na2VsIG1vYmlsIGpha2FydGEgcHVzYXRaHSIbYmVuZ2tlbCBtb2JpbCBqYWthcnRhIHB1c2F0kgEKY2FyX3JlcGFpcpoBI0NoWkRTVWhOTUc5blMwVkpRMEZuU1VOU09UaG1kMUJuRUFF4AEA!16s%2Fg%2F11k9sthkbk","Jl. Rawasari Sel. No.26, RT.1/RW.9, Rawasari, Kec. Cemp. Putih, Kota Jakarta Pusat, Daerah Khusus Ibukota Jakarta 10570",-6.1922402,106.8158148,08111060290,"Senin - Sabtu, 08.00-18.00, Kamis dan Minggu, 08.00 - 16.00","Ganti Oli, Aki, Ban, Rem, Servis Berkala, Tune Up dan Spooring"
Bengkel mobil terdekat.jl johar baru utara V gang Hj.usman no 12.012 RW 003 RT,"https://www.google.com/maps/place/Bengkel+mobil+terdekat.jl+johar+baru+utara+V+gang+Hj.usman+no+12.012+RW+003+RT/@-6.1922402,106.8158148,13z/data=!4m10!1m2!2m1!1sbengkel+mobil+jakarta+pusat!3m6!1s0x2e69f525d5b4cb1f:0xd4dff9d3b28e7696!8m2!3d-6.1820933!4d106.8572141!15sChtiZW5na2VsIG1vYmlsIGpha2FydGEgcHVzYXSSARBhdXRvX3JlcGFpcl9zaG9w4AEA!16s%2Fg%2F11smb2nb1r","Jl johar baru utara V G.hj usman Jljohar baru utaraV G.hj usman no 12, RT.12/RW.3, Johar Baru, Jakarta, Kota Jakarta Pusat, Daerah Khusus Ibukota Jakarta 10560",-6.1922402,106.8158148,081286524494,"Senin - Minggu, 08.00 - 05.00, Jumat Tutup",ganti oli
Kingsford Body Repair,"https://www.google.com/maps/place/Kingsford+Body+Repair/@-6.1820933,106.8160154,13z/data=!4m10!1m2!2m1!1sbengkel+mobil+jakarta+pusat!3m6!1s0x2e69f50695427165:0x9acf5c0689da88b!8m2!3d-6.1685347!4d106.8695573!15sChtiZW5na2VsIG1vYmlsIGpha2FydGEgcHVzYXRaHSIbYmVuZ2tlbCBtb2JpbCBqYWthcnRhIHB1c2F0kgEKY2FyX3JlcGFpcpoBI0NoWkRTVWhOTUc5blMwVkpRMEZuU1VOak1XSjFibE4zRUFF4AEA!16s%2Fg%2F1yh9vgvhr","Jl. Letjen Suprapto No.78A, RT.16/RW.5, Cemp. Baru, Kec. Cemp. Putih, Kota Jakarta Pusat, Daerah Khusus Ibukota Jakarta 10640",-6.1820933,106.8160154,0214254033,,body repair
Auto Service,"https://www.google.com/maps/place/Auto+Service/@-6.1820933,106.8160154,13z/data=!4m10!1m2!2m1!1sbengkel+mobil+jakarta+pusat!3m6!1s0x2e69f5072041fdcd:0x7bc8b15393e5b29b!8m2!3d-6.1687092!4d106.8677902!15sChtiZW5na2VsIG1vYmlsIGpha2FydGEgcHVzYXRaHSIbYmVuZ2tlbCBtb2JpbCBqYWthcnRhIHB1c2F0kgELY2FyX3NlcnZpY2WaASBDaFJEU1VoTk1HOW5TMFZKUTBGblNVTkhNalF3Y2hBQuABAA!16s%2Fg%2F1thjqlrd","Kav. 17, Sumur Batu I, RT.11/RW.5 Cempaka Baru Kemayoran, Jl. Letjen Suprapto No.28, RT.9/RW.7, Cemp. Putih Tim., Kec. Cemp. Putih, Kota Jakarta Pusat, Daerah Khusus Ibukota Jakarta 10640",-6.1820933,106.8160154,0214213335,"Senin - Jumat, 08.00 - 16.00, Sabtu, 08.00 - 13.00, Minggu Tutup","servis, perawatan mobil"
Bengkel Mobil Sampurna Jaya Motor,"https://www.google.com/maps/place/Bengkel+Mobil+Sampurna+Jaya+Motor/@-6.1820933,106.8160154,13z/data=!4m10!1m2!2m1!1sbengkel+mobil+jakarta+pusat!3m6!1s0x2e69f5a6588ce537:0x95d25390ffc92dba!8m2!3d-6.1638363!4d106.8626425!15sChtiZW5na2VsIG1vYmlsIGpha2FydGEgcHVzYXSSAQpjYXJfcmVwYWly4AEA!16s%2Fg%2F11bc7kbbz9","Jl. Serdang Raya No.10, RT.5/RW.9, Serdang, Kec. Kemayoran, Kota Jakarta Pusat, Daerah Khusus Ibukota Jakarta 10640",-6.1820933,106.8160154,02142888758,"Senin - Sabtu, 09.00 - 17.00, Minggu Tutup","Tune Up, Upgrade Bodykit dan Facelift, Ganti Sparepart dan Bodypart"
"Bengkel Mobil "" Marno Motor ""","https://www.google.com/maps/place/Bengkel+Mobil+%22+Marno+Motor+%22/@-6.1820933,106.8160154,13z/data=!4m10!1m2!2m1!1sbengkel+mobil+jakarta+pusat!3m6!1s0x2e69f508ebad3bd3:0xc1df0bea225f4a0!8m2!3d-6.1544759!4d106.8618017!15sChtiZW5na2VsIG1vYmlsIGpha2FydGEgcHVzYXRaHSIbYmVuZ2tlbCBtb2JpbCBqYWthcnRhIHB1c2F0kgEKY2FyX3JlcGFpcpoBI0NoWkRTVWhOTUc5blMwVkpRMEZuU1VOamFqWjFVbE5uRUFF4AEA!16s%2Fg%2F1ptxxkq52","Jl. Howitzer Raya No.9, RT.4/RW.2, Sumur Batu, Kec. Kemayoran, Kota Jakarta Pusat, Daerah Khusus Ibukota Jakarta 10640",-6.1820933,106.8160154,085286789347,"Senin - Minggu, 08.00 - 17.00","Ganti Oli, Service berkala, Service AC"
Bengkel Mobil Vika Motor,"https://www.google.com/maps/place/Bengkel+Mobil+Vika+Motor/@-6.1538247,106.7832792,13z/data=!4m10!1m2!2m1!1sbengkel+mobil+jakarta+pusat!3m6!1s0x2e69f5a325c86eaf:0x3261817c096fe23b!8m2!3d-6.15381!4d106.8553733!15sChtiZW5na2VsIG1vYmlsIGpha2FydGEgcHVzYXRaHSIbYmVuZ2tlbCBtb2JpbCBqYWthcnRhIHB1c2F0kgEQYXV0b19yZXBhaXJfc2hvcJoBJENoZERTVWhOTUc5blMwVkpRMEZuU1VOcE5tVTNWMngzUlJBQuABAA!16s%2Fg%2F11f019yx4f","Jl. Dakota Raya Jl. Komp. Angkasa Pura No.15, RT.14/RW.6, Kb. Kosong, Kec. Kemayoran, Kota Jakarta Pusat, Daerah Khusus Ibukota Jakarta 10630",-6.1538247,106.7832792,082114240239,"Senin - Minggu, 07.00 - 17.00","servis, rem"
BENGKEL MOBIL SATIA MOTOR,"https://www.google.com/maps/place/BENGKEL+MOBIL+SATIA+MOTOR/@-6.1538247,106.7832792,13z/data=!4m10!1m2!2m1!1sbengkel+mobil+jakarta+pusat!3m6!1s0x2e69f5794a1e2c2f:0x51ccb6d1101186ca!8m2!3d-6.1593542!4d106.8551313!15sChtiZW5na2VsIG1vYmlsIGpha2FydGEgcHVzYXRaHSIbYmVuZ2tlbCBtb2JpbCBqYWthcnRhIHB1c2F0kgEQYXV0b19yZXBhaXJfc2hvcJoBJENoZERTVWhOTUc5blMwVkpRMEZuU1VSTE0zQklkalpuUlJBQuABAA!16s%2Fg%2F11lh4_g0lq","Jl. Raya Kemayoran Gempol No.9, RT.5/RW.6, Kb. Kosong, Kec. Kemayoran, Kota Jakarta Pusat, Daerah Khusus Ibukota Jakarta 10630",-6.1538247,106.7832792,081286581899,"Senin - Minggu, 08.00 - 17.00","Ganti Oli, Tune Up, AC Mobil"
Bengkel mobil 24 jam jakarta,"https://www.google.com/maps/place/Bengkel+mobil+24+jam+jakarta/@-6.1538247,106.7832792,13z/data=!4m10!1m2!2m1!1sbengkel+mobil+jakarta+pusat!3m6!1s0x2e69f5185ec2ecf1:0xf3d70355675d3b1e!8m2!3d-6.1512511!4d106.8433205!15sChtiZW5na2VsIG1vYmlsIGpha2FydGEgcHVzYXRaHSIbYmVuZ2tlbCBtb2JpbCBqYWthcnRhIHB1c2F0kgEQYXV0b19yZXBhaXJfc2hvcJoBI0NoWkRTVWhOTUc5blMwVkpRMEZuU1VOU2VHOHpkMXBuRUFF4AEA!16s%2Fg%2F11qr957kr8","selatan, Ps. Mobil Kemayoran, Jl. Industri Raya No.32 33, Gn. Sahari Sel., Kec. Kemayoran, Jkt Utara, Daerah Khusus Ibukota Jakarta 10610",-6.1538247,106.7832792,081286493835,Senin - Minggu 08.00 - 21.00,Ganti Oli
Bengkel 999 Auto Mobil,"https://www.google.com/maps/place/Bengkel+999+Auto+Mobil/@-6.1538247,106.7832792,13z/data=!4m10!1m2!2m1!1sbengkel+mobil+jakarta+pusat!3m6!1s0x2e69f5ed22dcfe67:0x24e62e58f5bd91f7!8m2!3d-6.1474318!4d106.8401869!15sChtiZW5na2VsIG1vYmlsIGpha2FydGEgcHVzYXRaHSIbYmVuZ2tlbCBtb2JpbCBqYWthcnRhIHB1c2F0kgEQYXV0b19yZXBhaXJfc2hvcJoBI0NoWkRTVWhOTUc5blMwVkpRMEZuU1VNeWVsbHBZVmRuRUFF4AEA!16s%2Fg%2F1pztb_xz9","Jl. Rajawali Selatan Raya No.1D, RT.4/RW.6, Gn. Sahari Utara, Kecamatan Sawah Besar, Kota Jakarta Pusat, Daerah Khusus Ibukota Jakarta 10720",-6.1538247,106.7832792,085282927458,"Senin - Sabtu, 08.30 - 17.00, Minggu Tutup","ganti oli, rem"
Bengkel Pegasus,"https://www.google.com/maps/place/Bengkel+Pegasus/@-6.1538247,106.7832792,13z/data=!4m10!1m2!2m1!1sbengkel+mobil+jakarta+pusat!3m6!1s0x2e69f595bb8f560b:0xc8800b64d54b7c79!8m2!3d-6.1647019!4d106.8414783!15sChtiZW5na2VsIG1vYmlsIGpha2FydGEgcHVzYXRaHSIbYmVuZ2tlbCBtb2JpbCBqYWthcnRhIHB1c2F0kgEQYXV0b19yZXBhaXJfc2hvcJoBI0NoWkRTVWhOTUc5blMwVkpRMEZuU1VOSGNVdHRTVTVSRUFF4AEA!16s%2Fg%2F1tdz27gf","Jl. Bungur Besar Raya No.75, RT.12/RW.1, Kemayoran, Kec. Kemayoran, Kota Jakarta Pusat, Daerah Khusus Ibukota Jakarta 10610",-6.1538247,106.7832792,0214242124,,"Ganti Sparepart, Sporing"
Bengkel Mobil Hendra,"https://www.google.com/maps/place/Bengkel+Mobil+Hendra/@-6.1538247,106.7832792,13z/data=!4m10!1m2!2m1!1sbengkel+mobil+jakarta+pusat!3m6!1s0x2e69f5862b2c5215:0xcc72a22c91084b80!8m2!3d-6.1694703!4d106.8429066!15sChtiZW5na2VsIG1vYmlsIGpha2FydGEgcHVzYXRaHSIbYmVuZ2tlbCBtb2JpbCBqYWthcnRhIHB1c2F0kgEQYXV0b19yZXBhaXJfc2hvcJoBI0NoWkRTVWhOTUc5blMwVkpRMEZuU1VSTGIwMWxVVUZuRUFF4AEA!16s%2Fg%2F11gd679d0g","10, Jl. Bungur Besar Raya No.6, RW.3, Bungur, Kec. Senen, Kota Jakarta Pusat, Daerah Khusus Ibukota Jakarta 10460",-6.1538247,106.7832792,082114962000,"Senin - Sabtu, 09.00 - 22.00, Minggu Tutup","Ganti Oli, Sparepart, Scan Cek Engine, Tune Up, Injection"
BENGKEL MOBIL UP SMKN 1 JAKARTA,"https://www.google.com/maps/place/BENGKEL+MOBIL+UP+SMKN+1+JAKARTA/@-6.1683846,106.7974118,13z/data=!4m10!1m2!2m1!1sbengkel+mobil+jakarta+pusat!3m6!1s0x2e69f51f6f1ceef1:0xf2c1d08aa05e16ac!8m2!3d-6.1683846!4d106.8386105!15sChtiZW5na2VsIG1vYmlsIGpha2FydGEgcHVzYXSSARBhdXRvX3JlcGFpcl9zaG9w4AEA!16s%2Fg%2F11j3zkvfnn","Jl. Budi Utomo No.7, Ps. Baru, Kecamatan Sawah Besar, Kota Jakarta Pusat, Daerah Khusus Ibukota Jakarta 10710",-6.1683846,106.7974118,081319152885,"Senin - Jumat, 08.00 - 15.00","Tune Up, Ganti Oli"
Bengkel mobil Honda Daerah Jakarta Pusat,"https://www.google.com/maps/place/Bengkel+mobil+Honda+Daerah+Jakarta+Pusat/@-6.1607045,106.7677144,13z/data=!4m10!1m2!2m1!1sbengkel+mobil+jakarta+pusat!3m6!1s0x2e69f5ff97701397:0x916941550d7f8d0e!8m2!3d-6.136821!4d106.82!15sChtiZW5na2VsIG1vYmlsIGpha2FydGEgcHVzYXSSAQpjYXJfcmVwYWly4AEA!16s%2Fg%2F1pzpq453y","Honda Mangga Dua, Ruko Harco, JL. Raya Mangga Dua, Komp.Mangga Dua Blok A 1 & A 2, 10730, RT.6/RW.4, Pinangsia, Kec. Taman Sari, Kota Jakarta Barat, Daerah Khusus Ibukota Jakarta 10640",-6.1607045,106.7677144,0216129999,,ganti oli
Awi Bengkel Mobil,"https://www.google.com/maps/place/Awi+Bengkel+Mobil/@-6.1637766,106.7491749,13z/data=!4m10!1m2!2m1!1sbengkel+mobil+jakarta+pusat!3m6!1s0x2e69f737339dfa4f:0x6f8d6a3a87eec975!8m2!3d-6.1614085!4d106.8113258!15sChtiZW5na2VsIG1vYmlsIGpha2FydGEgcHVzYXSSARBhdXRvX3JlcGFpcl9zaG9w4AEA!16s%2Fg%2F11h_12gfpm","Jl. Sadar I No.13, RT.9/RW.4, Petojo Utara, Kecamatan Gambir, Kota Jakarta Pusat, Daerah Khusus Ibukota Jakarta 10130",-6.1637766,106.7491749,08111076123,,"ganti oli, rem"
OtoXpert Roxy,"https://www.google.com/maps/place/OtoXpert+Roxy+-+Bengkel+Mobil+Jakarta+Terdekat+Terpercaya+Ganti+Oli,+Aki,+Ban,+Rem,+Servis+Berkala,+Tune+Up+dan+Spooring/@-6.1714779,106.7969062,13z/data=!4m10!1m2!2m1!1sbengkel+mobil+jakarta+pusat!3m6!1s0x2e69f75db7477401:0x94ee8a6ad5923e6c!8m2!3d-6.162154!4d106.8078385!15sChtiZW5na2VsIG1vYmlsIGpha2FydGEgcHVzYXRaHSIbYmVuZ2tlbCBtb2JpbCBqYWthcnRhIHB1c2F0kgEKY2FyX3JlcGFpcpoBI0NoWkRTVWhOTUc5blMwVkpRMEZuU1VSU2RtRjFSbVZuRUFF4AEA!16s%2Fg%2F11khmn0h9y","2, Jl. Imam Mahbud No.47, RW.4, Duri Pulo, Kecamatan Gambir, Kota Jakarta Pusat, Daerah Khusus Ibukota Jakarta 10140",-6.1714779,106.7969062,08111060290,"Senin - Sabtu, 08.00-18.00, Kamis dan Minggu, 08.00 - 16.00","Ganti Oli, Aki, Ban, Rem, Servis Berkala, Tune Up dan Spooring"
Liong Jaya Motor bengkel mobil,"https://www.google.com/maps/place/Liong+Jaya+Motor+bengkel+mobil/@-6.1695823,106.8363566,16z/data=!4m10!1m2!2m1!1sbengkel+mobil+jakarta+pusat!3m6!1s0x2e69f5b639e506a5:0xfa2bed47f88b9794!8m2!3d-6.1695811!4d106.8426462!15sChtiZW5na2VsIG1vYmlsIGpha2FydGEgcHVzYXRaHSIbYmVuZ2tlbCBtb2JpbCBqYWthcnRhIHB1c2F0kgEKY2FyX3JlcGFpcpoBJENoZERTVWhOTUc5blMwVkpRMEZuU1VSTmFEZGZiRzFuUlJBQuABAA!16s%2Fg%2F1hm2c_n44","Jl. Pasar Senen No.3A, RW.8, Gn. Sahari Sel., Kec. Kemayoran, Kota Jakarta Pusat, Daerah Khusus Ibukota Jakarta 10610",-6.1695823,106.8363566,0214211321,"Senin - Minggu, 09.00 - 17.00","Service AC, Ganti Sparepart"
BRS Autoservice mobil,https://lh5.googleusercontent.com/p/AF1QipOSp0kSEtiC_epSb4_yOPYYWTWB4oIkBsxNebzh=w296-h168-n-k-no,"Jl. Radio Dalam Raya No.54, RW.14, Gandaria Utara, Kec. Kby. Baru, Kota Jakarta Selatan, Daerah Khusus Ibukota Jakarta 12140",-6.260528,106.7891176,0217264734,"Senin - sabtu 09.00 - 16.40, minggu 09.00 - 12.40","ac, ban, baterai, diagnostik mesin mobil, pemasangan dan reparasi ac, pembersihan karburator, pemeliharaan baterai mobil, pemeliharaan mobil, pemeriksaan kendaraan, pengecatan, penggantian ac mobil, penggantian ban mobil, penggantian baterai mobil, penggantian filter kabin dan udara, ganti oli, penggantian rem mobil, penggantian suspensi dan setir, penggantian transmisi, penggantian trim dan bodi mobil, pengisian ulang ac mobil, penyejajaran roda, penyetelan mesin otomatis, perawatan eksterior dan interior mobil, rem, reparasi dan perawatan umum, reparasi jendela otomatis mobil, reparasi kaca spion samping, reparasi kebocoran air pada mobil, reparasi mesin, reparasi rem mobil, reparasi suspensi dan setir, reparasi transmisi, reparasi trim dan bodi mobil, rotasi ban, sistem pembuangan, transmisi"
Garden Speed Motorsport - Dyno & Remap Ecu,https://lh5.googleusercontent.com/p/AF1QipP2PlhRxVlIvb1TAfXQB711qzcxGYNNq3ppgMIP=w408-h306-k-no,"Jl.KH.Muhasyim VII, no : 45A, RT.13/RW.6, Cilandak, Kec. Cilandak, Kota Jakarta Selatan, Daerah Khusus Ibukota Jakarta 12430",-6.2903575,106.7899487,081383824343,"senin - sabtu 09.00 - 17.00, minggu tutup","diagnostik mesin mobil, ganti oli, servis dan perbaikan rem, bodi dan trim, reparasi suspensi dan setir, listrik, sistem pembuangan, reparasi elektrik, reparasi transmisi, transmisi"
bengkel mobil cek kaki,https://lh5.googleusercontent.com/p/AF1QipN96XrrU7uue1FObLArKor5-QIV0tgo-tPkTu6J=w296-h168-n-k-no,"Jl. Moch. Kahfi II No.43a, RT.5/RW.9, Srengseng Sawah, Kec. Jagakarsa, Kota Jakarta Selatan, Daerah Khusus Ibukota Jakarta 12630",-6.3604063,106.8076108,081231237679,senin - minggu 08.30 - 17.30,"ganti oli, rem, reparasi suspensi dan setir, penyejajaran roda, servis dan perbaikan rem, servis kaki-kaki mobil, servis power steering, pemeliharaan mobil, pemeriksaan keamanan kendaraan, penggantian ban mobil, penggantian suspensi dan setir, reparasi dan perawatan umum, reparasi rem mobil, servis shockbreaker"
carfix karang tengah,https://lh5.googleusercontent.com/p/AF1QipNrpZHSbj2YAMUXXC25EEKFghgMTRz8wnnnUb4G=w506-h240-k-no,"Jl. Lb. Bulus III No.4, RT.7/RW.4, Pd. Labu, Kec. Cilandak, Kota Jakarta Selatan, Daerah Khusus Ibukota Jakarta 12440",-6.3037592,106.7820653,02122976315,senin - minggu 08.00 - 17.00,"diagnostik mesin mobil, listrik, penggantian filter kabin dan udara, ganti oli, transmisi"
OtoXpert Fatmawati ,https://lh5.googleusercontent.com/p/AF1QipN-lzVEvCsPCYEFhHV6SlXgT4qGFMYwmkUeRIvD=w408-h544-k-no,"Jl. RS. Fatmawati Raya No.159, RW.2, Cilandak Bar., Kec. Cilandak, Kota Jakarta Selatan, Daerah Khusus Ibukota Jakarta 12430",-6.2910117,106.7949093,08111060290,"senin - sabtu 08.00 - 18.00, minggu 08.00 - 16.00","ac, ban, baterai, bodi dan trim, diagnostik mesin mobil, listrik, penggantian filter kabin dan udara, ganti oli, penyejajaran roda, rem, reparasi elektrik, reparasi suspensi dan setir, reparasi transmisi, servis dan perbaikan rem, sistem pembuangan, transmisi"
Bengkel mobil panggilan montir mobil panggilan jakarta,https://lh5.googleusercontent.com/p/AF1QipNhObYE5hwlJbFeamtZYkkX4nPKz2YQxQZRq1yy=w408-h370-k-no,"3, Jl. Kalibata Selatan II B No.41, RW.4, Kalibata, Kec. Pancoran, Daerah Khusus Ibukota Jakarta 12740",-6.2640369,106.8385631,085693087046,senin - minggu 08.00 - 20.00,"baterai, diagnostik mesin mobil, listrik, penggantian filter dan kabin, ganti oli, rem, reparasi suspensi dan setir, transmisi, ban, penggantian ban mobil, penggantian baterai mobil, penggantian rem mobil, penggantian suspensi dan setir, penggantian transmisi, reparasi dan perawatan umum, reparasi kebocoran air pada mobil, reparasi mesin, reparasi rem mobil, panggilan mogok"
brum indonesia,https://lh5.googleusercontent.com/p/AF1QipPLgd2ed-OWrC3upAFyv7TanIoUk6e6EUz81ORW=w408-h306-k-no,"Go Work, Menara Rajawali, Jl. DR. Ide Anak Agung Gde Agung No.5, RT.5/RW.2, Kuningan, Kuningan Tim., Kecamatan Setiabudi, Kota Jakarta Selatan, Daerah Khusus Ibukota Jakarta 12950",-6.230352,106.8262725,081284606577,"senin - sabtu 08.00 - 18.00, minggu tutup","body repair, ganti oli, tune up, transmisi, penggantian filter kabin dan udara, reparasi elektrik, cek power steering, cek radiator, pemeriksaan kendaraan, suspensi dan setir"
Service ShockBreaker Motor/Mobil Amir,https://lh5.googleusercontent.com/p/AF1QipMLgmfCbYFgPxX689KdDCMuC0Dc-SvsDzUwT5ED=w296-h168-n-k-no,"Jl. Tambak, RT.1/RW.6, Pegangsaan, Kec. Menteng, Kota Jakarta Pusat, Daerah Khusus Ibukota Jakarta 10320",-6.207128,106.8484803,087801540118,"sabtu - kamis 09.30 - 17.30, jumat 12.30 - 17.30",reparasi suspensi dan setir
bengkel mobil jim motor,https://lh5.googleusercontent.com/p/AF1QipNrJyd27JM7jfNcd8bPJI5BuBlw_8eNybF3AfKV=w296-h168-n-k-no,"Ps. Mobil Kemayoran, RW.10, Pademangan Tim., Kec. Kemayoran, Jkt Utara, Daerah Khusus Ibukota Jakarta 10610",-6.1510139,106.8426918,081218755153,"senin - sabtu 08.30 - 19.00, minggu tutup","ac, baterai, bodi dan trim, diagnostik mesin mobil, listrik, pemasangan dan reparasi ac, pembersihan karburator, pengecatan, penggantian filter kabin dan udara, ganti oli, penyetelan mesin otomatis, rem, reparasi dan perawatan umum, reparasi elektrik, reparasi kaca mobil, reparasi mesin, reparasi suspensi dan setir, transmisi, scanning mobil"
bengkel mobil jesi88,https://lh5.googleusercontent.com/p/AF1QipNP2e0m3ZHhQEeFZkPbL8wmKyEVwd5JYlM6zOVO=w408-h611-k-no,"Jl. Kb. Kacang 44 No.2A, RT.9/RW.8, Kb. Kacang, Kecamatan Tanah Abang, Kota Jakarta Pusat, Daerah Khusus Ibukota Jakarta 10240",-6.1933023,106.8175381,082162677788,senin - minggu 11.30 - 23.30,"ban, diagnostik mesin mobil, ganti oli, rem, reparasi suspensi dan setir, ac, baterai, bodi dan trim, listrik, penggantian filter kabin dan udara, penyejajaran roda, reparasi elektrik, reparasi transmisi, servis dan perbaikan rem, sistem pembuangan, transmisi, pelayanan di rumah"
bengkel mobil,https://lh5.googleusercontent.com/p/AF1QipOiKSno4WT_-x3aToGQYZpGohjaS3RnEORZqEet=w408-h725-k-no,"Samping fotocopy sinar karya printing, Jl. Waru No.27A, RT.6/RW.7, Rawamangun, Kec. Pulo Gadung, Kota Jakarta Timur, Daerah Khusus Ibukota Jakarta 13220",-6.1964763,106.8876556,,"senin - sabtu 08.00 - 16.00, minggu tutup","ban, diagnostik mesin mobil, jasa pembersihan vakum di bagian dalam mobil, listrik, pembersihan karburator, penggantian filter kabin dan udara, ganti oli, penyejajaran roda, perawatan eksterior dan interior mobil, rem, reparasi dan perawatan umum, reparasi mesin, reparasi suspensi dan setir, transmisi"
bengkel mobil kong didin,https://lh5.googleusercontent.com/p/AF1QipP1d-G8s-skwenbWDDMGL0ZzPeidZY6Du0h_BaY=w426-h240-k-no,"Jalan Manggarai Utara VI No.1A RW.7/ RT.1, Manggarai, Kec. Tebet, Kota Jakarta Selatan, Daerah Khusus Ibukota Jakarta 12850",-6.211804,106.8534917,085718987879,,"baterai, diagnostik mesin mobil, listrik, penggantian filter kabin dan udara, ganti oli, rem, reparasi suspensi dan setir, transmisi"
dwi tunggal motor,https://lh5.googleusercontent.com/p/AF1QipPabXQjsoRAdPBmQ7WGLzVpOeyAGtxSCLIYwMIj=w408-h306-k-no,"Jl. Jend. Basuki Rachmat, Rw. Bunga, Kecamatan Jatinegara, Kota Jakarta Timur, Daerah Khusus Ibukota Jakarta 13350",-6.2244261,106.871325,081380663053,"senin - sabtu 09.00 - 17.00, minggu tutup","ac, baterai, diagnostik mesin mobil, listrik, penggantian filter kabin dan udara, ganti oli, rem, reparasi suspensi dan setir, transmisi"
Montir Mobil Motor panggilan,https://lh5.googleusercontent.com/p/AF1QipPpYFbej4mrqxkt9TUMlxcKVZzHOvpX3kwmOGqE=w408-h306-k-no,"Jl. Lapangan Bola No.29a, RT.7/RW.1, Kb. Jeruk, Kec. Kb. Jeruk, jakartad, Daerah Khusus Ibukota Jakarta 11530",-6.1973677,106.7680768,081282148184,senin - minggu 09.00 - 17.00,"diagnostik mesin mobil, listrik, penggantian filter kabin dan udara, ganti oli, rem, reparasi suspensi dan setir, transmisi, pengecatan, reparasi dan perawatan umum, reparasi mesin, "
AGS bengkel mobil Kemayoran,https://lh5.googleusercontent.com/p/AF1QipPJodYQ9PZB3nNLyn1L9uGGhH7515pJJcIJZYGR=w408-h306-k-no,"Jl. Ps. Mobil Kemayoran, RW.10, Pademangan Tim., Kec. Kemayoran, Jakarta, Daerah Khusus Ibukota Jakarta 14410",-6.1518454,106.8457,082114304211,senin - minggu 09.00 - 21.00,"ac, baterai, diagnostik mesin mobil, listrik, penggantian filter kabin dan udara, ganti oli, rem, reparasi suspensi dan setir, transmisi, service, service kaki-kaki mobil, terima jasa home service, pemasangan kaca film mobil dan gedung"
Bengkel Mobil Mugiwara Pasar Mobil Kemayoran,https://lh5.googleusercontent.com/p/AF1QipNNbg3GoJJ2WWuce7w7X12VizmbJ6WmBrdUyJRu=w296-h168-n-k-no,"Pasar mobil kemayoran Blok S103A, RW.10, Pademangan Tim., Kec. Pademangan, Jkt Utara, Daerah Khusus Ibukota Jakarta 10620",-6.1512179,106.8446886,081295804300,senin - minggu 08.00 - 20.00,"listrik, ganti oli, rem, reparasi suspensi dan setir, transmisi, servis mesin disel dan bensin, tune up. overhold suspensi kaki-kaki"
Bengkel tunas Daihatsu Matraman,https://lh5.googleusercontent.com/p/AF1QipP-z_5gW7vkxh7BbcqRfey7qdi0SdAcRT5wk5k9=w296-h168-n-k-no,"Jl. Matraman Raya No.103, RT.16/RW.8, Palmeriam, Matraman, East Jakarta City, Jakarta 13140",-6.2059924,106.8585335,087775777291,"senin - jumat 08.00 - 16.00, sabtu 08.00 - 14.30, minggu tutup","ac, ban, baterai, bodi dan trim, diagnostik mesin mobil, listrik, pemasangan dan reparasi ac, pembersihan karburator, pengecatan, penggantian filter kabin dan udara, ganti oli, penyejajaran roda, perawatan eksterior dan interior mobil, rem, reparasi dan perawatan umum, reparasi elektrik, reparasi mesin, reparasi suspensi dan setir, transmisi"
klinik land rover,https://lh5.googleusercontent.com/p/AF1QipPfueGU4w_5qCFUTN0RFd_2P1ZSD3zcMcg-GwdS=w296-h168-n-k-no,"Jl. Keselamatan I No.5, RT.6/RW.3, Manggarai Sel., Kec. Tebet, Kota Jakarta Selatan, Daerah Khusus Ibukota Jakarta 12860",-6.2223305,106.8479156,08129936056,"senin - sabtu 09.00 - 17.00, minggu tutup","ac, ban, diagnostik mesin mobil, ganti oli, rem, reparasi suspensi dan setir"
bengkel mobil,https://lh5.googleusercontent.com/p/AF1QipOu2KQWu7t34V1XolNqooZVHTZLSNmby3e5A8dg=w296-h168-n-k-no,"Gg. 15 No.40, Pademangan Tim., Jakarta, Jkt Utara, Daerah Khusus Ibukota Jakarta 14410",-6.1394304,106.843313,081295335737,,"montir, ac, ban, baterai, bodi dan trim, diagnostik mesin mobil, listrik, penggantian filter kabin dan udara, ganti oli, penyejajaran roda, rem, reparasi suspensi dan setir, servis dan perbaikan rem, sistem pembuangan, transmisi"
bengkel mobil,https://lh5.googleusercontent.com/p/AF1QipP4W_dY8fZxlRveeaHRL4MMxlVEJxZlcjFFvP5m=w408-h253-k-no,"Jl. Ulujami Raya No.9, RT.9/RW.1, rt9rw1, Kec. Pesanggrahan, Kota Jakarta Selatan, Daerah Khusus Ibukota Jakarta 12320",-6.2550427,106.7643709,081310020040,"senin - sabtu 08.00 - 17.00, minggu tutup","ac, bodi dan trim, diagnostik mesin mobil, listrik, pemasangan dan reparasi ac, pembersihan karburator, pengecatan, penggantian filter kabin dan udara, ganti oli, rem, reparasi dan perawatan umum, reparasi mesin, reparasi suspensi dan setir, terima panggilan 24 jam khusus pelanggan"
bengkel mobil loui motor,https://lh5.googleusercontent.com/p/AF1QipOrYT7fDb6vXBDdPz-f6Gu6NloaobH4Xpc20n8b=w296-h168-n-k-no,"Jl. Ekor Kuning No.4, RT.2/RW.5, Penjaringan, Kec. Penjaringan, Jkt Utara, Daerah Khusus Ibukota Jakarta 14440",-6.1302544,106.8088611,,"senin - sabtu 09.00 - 18.00, minggu tutup",reparasi dan perawatan umum
Montir mobil online,https://lh5.googleusercontent.com/p/AF1QipOQ4iKtoPYkUWr7DIWA46rN38ndBBA8qRrq0PlW=w296-h168-n-k-no,"18, Jl. Gn. Sahari XI No.128-310, RT.6/RW.3, Gn. Sahari Utara, Kecamatan Sawah Besar, Kota Jakarta Pusat, Daerah Khusus Ibukota Jakarta 10720",-6.1492006,106.8368576,081299159055,"sabtu - kamis 08.00 - 17.00, jumat 09.00 - 17.00","ac, baterai, diagnostik mesin mobil, listrik, penggantian filter kabin dan udara, ganti oli, rem, reparasi suspensi dan setir, transmisi, pemeriksaan kendaraan, reparasi elektrik, reparasi mesin"
Bengkel Dokter Mobil Kalimalang,https://lh5.googleusercontent.com/p/AF1QipP3TjfNUDNBpQWKCuGNJgXinNqsH-XJPdEt2ZM4=w296-h168-n-k-no,"Jl. Inspeksi Kalimalang Kota No.8C, RW.11, Pd. Klp., Kec. Duren Sawit, Kota Jakarta Timur, Daerah Khusus Ibukota Jakarta 13450",-6.2489608,106.9370056,087887589899,"senin - sabtu 09.00 - 17.00, minggu 10.00 - 17.00","ac, baterai, diagnostik mesin mobil, listrik, pemasangan dan reparasi ac, penggantian filter kabin dan udara, ganti oli, penyetelan mesin otomatis, rem, reparasi suspensi dan setir, transmisi"
cempe garage,https://lh5.googleusercontent.com/p/AF1QipOKW_3vCQg9isKbLNNtu6lLQRSHOmTkLl3vSV1C=w408-h306-k-no,"jakarta citayem, Daerah Khusus Ibukota Jakarta 65165",-6.2087634,106.845599,083832330872,buka 24 jam,"ban, baterai, pembersihan karburator, ganti oli, penyejajaran roda, perawatan eksterior dan interior mobil, pesan antar, reparasi elektrik, reparasi mesin, reparasi suspensi dan setir, servis dan perbaikan rem, bore up mesin"
bengkel mobil sinar bahagia,https://lh5.googleusercontent.com/p/AF1QipODmZZFag-jl4qEAWiWEu07_jP2ARom8ghsPcZN=w296-h168-n-k-no,"Jalan Gunung Sahari.60-63, Blok A9-10, RT.2/RW.1, South Gunung Sahari, Kemayoran, Jakarta 10610",-6.1622989,106.8383833,0214208314,"senin - sabtu 09.30 - 16.00, minggu tutup","ban, ganti oli, penyejajaran roda, rem, reparasi suspensi dan setir, reparasi umum, bubut rem, balancing, spooring"